Entity,Code,Year,Ratio of inbound to outbound tourist trips
Angola,AGO,1995,3
Angola,AGO,1996,7
Argentina,ARG,1995,0.6
Argentina,ARG,1996,0.608473
Argentina,ARG,1997,0.6119106
Argentina,ARG,1998,0.65592337
Argentina,ARG,1999,0.6055161
Argentina,ARG,2000,0.5873208
Argentina,ARG,2001,0.550189
Argentina,ARG,2002,0.9375
Argentina,ARG,2003,0.96988344
Argentina,ARG,2004,0.88550204
Argentina,ARG,2005,0.9817668
Argentina,ARG,2006,1.0721993
Argentina,ARG,2007,1.0947924
Argentina,ARG,2008,1.018639
Argentina,ARG,2009,0.8648866
Argentina,ARG,2010,1.2813265
Argentina,ARG,2011,1.0025426
Argentina,ARG,2012,0.8941646
Argentina,ARG,2013,0.9650163
Argentina,ARG,2014,1.0994322
Argentina,ARG,2015,0.8730626
Argentina,ARG,2016,0.6401075
Argentina,ARG,2017,0.5494964
Argentina,ARG,2018,0.6237197
Argentina,ARG,2019,0.81182796
Argentina,ARG,2020,0.73565644
Argentina,ARG,2021,0.35654262
Argentina,ARG,2022,0.75651497
Armenia,ARM,2000,0.4054054
Armenia,ARM,2001,1.1181818
Armenia,ARM,2002,1.2366412
Armenia,ARM,2003,1.2189349
Armenia,ARM,2004,1.1900452
Armenia,ARM,2005,1.1858736
Armenia,ARM,2006,1.1610942
Armenia,ARM,2007,1.0918803
Armenia,ARM,2008,1.0813954
Armenia,ARM,2009,1.0931559
Armenia,ARM,2010,1.21492
Armenia,ARM,2011,1.0601399
Armenia,ARM,2012,0.9979275
Armenia,ARM,2013,1.0009234
Armenia,ARM,2014,1.0050083
Armenia,ARM,2015,1.0042123
Armenia,ARM,2016,0.9976247
Armenia,ARM,2017,1.0087719
Armenia,ARM,2018,1.0178682
Armenia,ARM,2019,1.0139186
Armenia,ARM,2020,1.083815
Armenia,ARM,2021,2.0567377
Armenia,ARM,2022,1.4626865
Austria,AUT,2000,2.3886824
Austria,AUT,2001,2.1772456
Austria,AUT,2002,2.2515123
Austria,AUT,2003,2.2755249
Austria,AUT,2004,2.3144188
Austria,AUT,2005,2.4313917
Austria,AUT,2006,2.0184226
Austria,AUT,2007,2.1033819
Austria,AUT,2008,2.2667148
Austria,AUT,2009,2.1099694
Austria,AUT,2010,2.2266748
Austria,AUT,2011,2.3305652
Austria,AUT,2012,2.2035584
Austria,AUT,2013,2.325274
Austria,AUT,2014,2.3004365
Austria,AUT,2015,2.5148664
Austria,AUT,2016,2.438096
Austria,AUT,2017,2.5637455
Austria,AUT,2018,2.790546
Austria,AUT,2019,2.6788776
Austria,AUT,2020,3.807013
Austria,AUT,2021,1.6921031
Austria,AUT,2022,2.2083228
Azerbaijan,AZE,2005,0.7812852
Azerbaijan,AZE,2006,0.76629215
Azerbaijan,AZE,2007,0.92541087
Azerbaijan,AZE,2008,0.995229
Azerbaijan,AZE,2009,0.87772924
Azerbaijan,AZE,2010,0.7032967
Azerbaijan,AZE,2011,0.6767764
Azerbaijan,AZE,2012,0.70201486
Azerbaijan,AZE,2013,0.64408827
Azerbaijan,AZE,2014,0.65079844
Azerbaijan,AZE,2015,0.59029484
Azerbaijan,AZE,2016,0.5690423
Azerbaijan,AZE,2017,0.7119234
Azerbaijan,AZE,2018,0.6718551
Azerbaijan,AZE,2019,0.6280847
Azerbaijan,AZE,2022,1.1211896
Bahrain,BHR,2015,1.078346
Bahrain,BHR,2016,2.1661239
Bahrain,BHR,2017,2.5074542
Bahrain,BHR,2018,2.8723683
Bahrain,BHR,2019,2.4832258
Bahrain,BHR,2020,1.7823275
Bangladesh,BGD,1995,0.1879518
Bangladesh,BGD,1996,0.18221734
Bangladesh,BGD,1997,0.21016166
Bangladesh,BGD,1998,0.1733871
Bangladesh,BGD,1999,0.15684497
Bangladesh,BGD,2000,0.17641844
Bangladesh,BGD,2001,0.19255814
Bangladesh,BGD,2002,0.17875648
Bangladesh,BGD,2003,0.17326732
Bangladesh,BGD,2004,0.17316294
Bangladesh,BGD,2005,0.11771364
Bangladesh,BGD,2006,0.10995052
Bangladesh,BGD,2007,0.12419424
Bangladesh,BGD,2008,0.5337143
Bangladesh,BGD,2009,0.11845608
Bangladesh,BGD,2010,0.072660744
Bangladesh,BGD,2011,0.07381288
Bangladesh,BGD,2012,0.07039155
Bangladesh,BGD,2013,0.07123288
Bangladesh,BGD,2019,0.20652173
Belarus,BLR,1998,0.40288568
Belarus,BLR,1999,0.3372591
Belarus,BLR,2000,0.20325834
Belarus,BLR,2001,0.1593367
Belarus,BLR,2002,0.14554317
Belarus,BLR,2003,0.2066787
Belarus,BLR,2004,0.46407768
Belarus,BLR,2005,0.44230768
Belarus,BLR,2006,0.5561905
Belarus,BLR,2007,0.71179885
Belarus,BLR,2008,1.2552632
Belarus,BLR,2009,1.6202532
Belarus,BLR,2010,1.6313252
Belarus,BLR,2011,2.446875
Belarus,BLR,2012,2.0141988
Belarus,BLR,2013,1.4166666
Belarus,BLR,2014,1.4574898
Belarus,BLR,2015,1.4396423
Belarus,BLR,2016,4.1217947
Belarus,BLR,2017,2.8328612
Belarus,BLR,2018,2.562201
Belarus,BLR,2019,2.2907581
Belarus,BLR,2020,2.2716537
Belarus,BLR,2021,1.6498952
Belarus,BLR,2022,4.337209
Belgium,BEL,1996,1.0325952
Belgium,BEL,1997,0.7998145
Belgium,BEL,1998,0.7946245
Belgium,BEL,1999,0.99360377
Belgium,BEL,2000,0.81404436
Belgium,BEL,2001,0.9820396
Belgium,BEL,2002,0.9921748
Belgium,BEL,2003,0.92047334
Belgium,BEL,2004,0.76397586
Belgium,BEL,2005,0.7233837
Belgium,BEL,2006,0.89085585
Belgium,BEL,2007,0.841596
Belgium,BEL,2008,0.8062338
Belgium,BEL,2009,0.77663815
Belgium,BEL,2010,0.8164981
Belgium,BEL,2011,0.77043283
Belgium,BEL,2012,0.7894737
Belgium,BEL,2013,0.7112839
Belgium,BEL,2014,0.7175871
Belgium,BEL,2015,0.77111214
Belgium,BEL,2016,0.5594526
Belgium,BEL,2017,0.5732157
Belgium,BEL,2018,0.58354133
Belgium,BEL,2019,0.539403
Belgium,BEL,2020,0.36353403
Belgium,BEL,2021,0.37740022
Belgium,BEL,2022,0.5135895
Bermuda,BMU,2001,1.9857143
Bermuda,BMU,2002,1.9586207
Bermuda,BMU,2003,1.822695
Bermuda,BMU,2004,1.7435898
Bermuda,BMU,2005,1.6770186
Bermuda,BMU,2006,1.7588235
Bermuda,BMU,2007,1.6906078
Bermuda,BMU,2008,1.375
Bhutan,BTN,2019,7.707317
Bolivia,BOL,1995,1.1405623
Bolivia,BOL,1996,1.1635687
Bolivia,BOL,1997,1.245614
Bolivia,BOL,1998,1.2943144
Bolivia,BOL,1999,1.3517786
Bolivia,BOL,2000,1.5870646
Bolivia,BOL,2001,1.4234234
Bolivia,BOL,2002,1.5391705
Bolivia,BOL,2003,1.4046053
Bolivia,BOL,2004,1.3872832
Bolivia,BOL,2005,1.357513
Bolivia,BOL,2006,1.1038135
Bolivia,BOL,2007,1.0893536
Bolivia,BOL,2008,0.9742647
Bolivia,BOL,2009,1.1563706
Bolivia,BOL,2010,1.1241722
Bolivia,BOL,2011,0.9174194
Bolivia,BOL,2012,1.0126903
Bolivia,BOL,2013,0.953405
Bolivia,BOL,2014,0.93454933
Bolivia,BOL,2015,0.91398966
Bolivia,BOL,2016,1.0223404
Bolivia,BOL,2017,1.112337
Bolivia,BOL,2018,1.0773585
Bolivia,BOL,2019,1.0681034
Bolivia,BOL,2020,0.74837965
Bolivia,BOL,2021,0.4787234
Bolivia,BOL,2022,0.8818514
Brazil,BRA,1995,0.76576924
Brazil,BRA,1996,0.70213324
Brazil,BRA,1997,0.71001494
Brazil,BRA,1998,1.1551187
Brazil,BRA,1999,1.7837932
Brazil,BRA,2000,1.6459107
Brazil,BRA,2001,1.7849663
Brazil,BRA,2002,1.6189051
Brazil,BRA,2003,1.2799628
Brazil,BRA,2004,1.6152291
Brazil,BRA,2005,1.5927467
Brazil,BRA,2006,1.2910448
Brazil,BRA,2007,1.078078
Brazil,BRA,2008,0.96410847
Brazil,BRA,2009,0.9760163
Brazil,BRA,2010,0.7992876
Brazil,BRA,2011,0.6959139
Brazil,BRA,2012,0.6681182
Brazil,BRA,2013,0.6556508
Brazil,BRA,2014,0.66860765
Brazil,BRA,2015,0.66533023
Brazil,BRA,2016,0.7379396
Brazil,BRA,2017,0.62101793
Brazil,BRA,2018,0.622977
British Virgin Islands,VGB,1995,2.772152
Bulgaria,BGR,1995,0.9835414
Bulgaria,BGR,1996,0.92980707
Bulgaria,BGR,1997,0.97417456
Bulgaria,BGR,1998,1.0289352
Bulgaria,BGR,1999,1.0404041
Bulgaria,BGR,2000,1.1916988
Bulgaria,BGR,2001,1.167033
Bulgaria,BGR,2002,1.0768507
Bulgaria,BGR,2003,1.1895386
Bulgaria,BGR,2004,1.1926842
Bulgaria,BGR,2005,1.1421487
Bulgaria,BGR,2006,1.2339712
Bulgaria,BGR,2007,1.1408638
Bulgaria,BGR,2008,1.0092545
Bulgaria,BGR,2009,1.1494092
Bulgaria,BGR,2010,1.6449946
Bulgaria,BGR,2011,1.6639495
Bulgaria,BGR,2012,1.7405535
Bulgaria,BGR,2013,2.2586772
Bulgaria,BGR,2014,2.269792
Bulgaria,BGR,2015,2.0672686
Bulgaria,BGR,2016,1.7512734
Bulgaria,BGR,2017,1.8191686
Bulgaria,BGR,2018,1.6076629
Bulgaria,BGR,2019,1.3352224
Bulgaria,BGR,2020,0.3879699
Bulgaria,BGR,2021,0.56179774
Bulgaria,BGR,2022,0.9811088
Burundi,BDI,1995,0.9444444
Burundi,BDI,1996,0.7714286
Burundi,BDI,1997,1.1
Burundi,BDI,1998,0.9375
Burundi,BDI,1999,0.962963
Burundi,BDI,2000,1.0357143
Burundi,BDI,2001,1.0285715
Cambodia,KHM,1995,7.096774
Cambodia,KHM,1996,6.8421054
Cambodia,KHM,1997,4.866667
Cambodia,KHM,1998,7
Cambodia,KHM,1999,7.5102043
Cambodia,KHM,2000,11.365853
Cambodia,KHM,2001,16.35135
Cambodia,KHM,2002,17.48889
Cambodia,KHM,2003,11.683333
Cambodia,KHM,2004,4.414226
Cambodia,KHM,2005,2.5035212
Cambodia,KHM,2006,2.1601017
Cambodia,KHM,2007,2.0230923
Cambodia,KHM,2008,2.7035623
Cambodia,KHM,2009,6.3588233
Cambodia,KHM,2010,4.9663367
Cambodia,KHM,2011,4.059155
Cambodia,KHM,2012,4.5252523
Cambodia,KHM,2013,4.8279815
Cambodia,KHM,2014,4.710251
Cambodia,KHM,2015,3.9991624
Cambodia,KHM,2016,3.4951186
Cambodia,KHM,2017,3.1974885
Cambodia,KHM,2018,3.1082706
Cambodia,KHM,2019,3.2438664
Cambodia,KHM,2020,4.006135
Cambodia,KHM,2021,6.4393444
Cambodia,KHM,2022,2.3470104
Canada,CAN,1995,0.93200046
Canada,CAN,1996,0.9133505
Canada,CAN,1997,0.92454606
Canada,CAN,1998,1.069243
Canada,CAN,1999,1.0568986
Canada,CAN,2000,1.0231454
Canada,CAN,2001,1.0718993
Canada,CAN,2002,1.1328439
Canada,CAN,2003,0.98844355
Canada,CAN,2004,0.9769851
Canada,CAN,2005,0.88966304
Canada,CAN,2006,0.80352825
Canada,CAN,2007,0.7127529
Canada,CAN,2008,0.6340904
Canada,CAN,2009,0.6005801
Canada,CAN,2010,0.56134707
Canada,CAN,2011,0.5260634
Canada,CAN,2012,0.50652367
Canada,CAN,2013,0.48669535
Canada,CAN,2014,0.49325895
Canada,CAN,2015,0.55716723
Canada,CAN,2016,0.6384999
Canada,CAN,2017,0.6380385
Canada,CAN,2018,0.6319976
Canada,CAN,2019,0.66976166
Canada,CAN,2020,0.32995206
Canada,CAN,2021,0.61812675
Canada,CAN,2022,0.59925234
Central African Republic,CAF,2002,0.58
Central African Republic,CAF,2003,0.95
Central African Republic,CAF,2004,1.1714286
Central African Republic,CAF,2005,1.5
Central African Republic,CAF,2006,1.2545455
Central African Republic,CAF,2010,1.4157895
Chad,TCD,2000,1.5925926
Chad,TCD,2001,1.425
Chad,TCD,2002,1.3913044
Chile,CHL,2000,1.3206975
Chile,CHL,2001,1.4601694
Chile,CHL,2002,1.092034
Chile,CHL,2003,1.2035794
Chile,CHL,2004,1.186835
Chile,CHL,2005,1.1750724
Chile,CHL,2006,1.1939586
Chile,CHL,2007,1.224719
Chile,CHL,2008,1.4266913
Chile,CHL,2009,1.4455559
Chile,CHL,2010,1.2624509
Chile,CHL,2011,1.1893388
Chile,CHL,2012,1.2526876
Chile,CHL,2013,1.1923975
Chile,CHL,2014,1.1593562
Chile,CHL,2015,1.3331349
Chile,CHL,2016,1.5876724
Chile,CHL,2017,1.781768
Chile,CHL,2018,1.4962091
Chile,CHL,2019,1.350269
Chile,CHL,2020,1.1616151
Chile,CHL,2021,0.3697217
Chile,CHL,2022,0.9419954
China,CHN,1995,4.432301
China,CHN,1996,4.4981227
China,CHN,1997,4.4646883
China,CHN,1998,2.9756706
China,CHN,1999,2.929701
China,CHN,2000,2.981858
China,CHN,2001,2.733619
China,CHN,2002,2.2167811
China,CHN,2003,1.6304026
China,CHN,2004,1.4473711
China,CHN,2005,1.5087024
China,CHN,2006,1.4457479
China,CHN,2007,1.3361332
China,CHN,2008,1.1571634
China,CHN,2009,1.0675466
China,CHN,2010,0.9699927
China,CHN,2011,0.81965834
China,CHN,2012,0.69396025
China,CHN,2013,0.5671539
China,CHN,2014,0.47706124
China,CHN,2015,0.4449085
China,CHN,2016,0.43861467
China,CHN,2017,0.4246513
China,CHN,2018,0.42011756
China,CHN,2019,0.42504138
China,CHN,2020,0.39180684
Colombia,COL,1995,1.3235573
Colombia,COL,1996,0.67922497
Colombia,COL,1997,0.5966387
Colombia,COL,1998,0.6166514
Colombia,COL,1999,0.49726775
Colombia,COL,2000,0.45101213
Colombia,COL,2001,0.4460536
Colombia,COL,2002,0.4440094
Colombia,COL,2003,0.53101104
Colombia,COL,2004,0.5629893
Colombia,COL,2005,0.6007727
Colombia,COL,2007,1.1114398
Colombia,COL,2008,1.1346719
Colombia,COL,2009,1.1140434
Colombia,COL,2010,0.5999146
Colombia,COL,2011,0.81007135
Colombia,COL,2012,0.6879142
Colombia,COL,2013,0.6346741
Colombia,COL,2014,0.6525185
Colombia,COL,2015,0.80243397
Colombia,COL,2016,0.88801056
Colombia,COL,2017,0.9240727
Colombia,COL,2018,0.9203297
Colombia,COL,2019,0.9307881
Colombia,COL,2020,0.9819608
Colombia,COL,2021,0.7080559
Colombia,COL,2022,0.916447
Cook Islands,COK,1995,8
Cook Islands,COK,1996,6.857143
Cook Islands,COK,1997,6.25
Cook Islands,COK,1998,6.125
Cook Islands,COK,1999,7
Cook Islands,COK,2000,8.111111
Cook Islands,COK,2001,8.333333
Cook Islands,COK,2002,8.111111
Cook Islands,COK,2003,7.8
Cook Islands,COK,2004,6.9166665
Cook Islands,COK,2005,6.769231
Cook Islands,COK,2006,7.076923
Cook Islands,COK,2007,7.4615383
Cook Islands,COK,2008,7.3076925
Cook Islands,COK,2009,8.416667
Cook Islands,COK,2010,8.666667
Cook Islands,COK,2011,8.692307
Cook Islands,COK,2012,10.166667
Cook Islands,COK,2013,10.083333
Cook Islands,COK,2014,10.166667
Cook Islands,COK,2015,9.615385
Cook Islands,COK,2016,10.428572
Cook Islands,COK,2017,12.105263
Cook Islands,COK,2018,12.071428
Cook Islands,COK,2019,12.285714
Cook Islands,COK,2020,6.810811
Cook Islands,COK,2021,5.5957446
Cook Islands,COK,2022,12.622222
Costa Rica,CRI,1995,2.8754578
Costa Rica,CRI,1996,2.7597172
Costa Rica,CRI,1997,2.8159723
Costa Rica,CRI,1998,2.8575757
Costa Rica,CRI,1999,2.9235127
Costa Rica,CRI,2000,2.855643
Costa Rica,CRI,2001,3.132964
Costa Rica,CRI,2002,3.0576923
Costa Rica,CRI,2003,3.3217158
Costa Rica,CRI,2004,3.4188235
Costa Rica,CRI,2005,3.4476385
Costa Rica,CRI,2006,3.556701
Costa Rica,CRI,2007,3.4315424
Costa Rica,CRI,2008,3.9564395
Costa Rica,CRI,2009,3.3212435
Costa Rica,CRI,2010,3.1722054
Costa Rica,CRI,2011,3.0571828
Costa Rica,CRI,2012,3.0310478
Costa Rica,CRI,2013,3.0734177
Costa Rica,CRI,2014,3.1666667
Costa Rica,CRI,2015,2.8944504
Costa Rica,CRI,2016,2.823359
Costa Rica,CRI,2017,2.573913
Costa Rica,CRI,2018,2.7961075
Costa Rica,CRI,2019,2.7224631
Costa Rica,CRI,2020,3.1234567
Costa Rica,CRI,2021,2.2908163
Costa Rica,CRI,2022,2.5155246
Croatia,HRV,2008,3.6762834
Croatia,HRV,2009,3.4817781
Croatia,HRV,2010,4.8643885
Croatia,HRV,2011,3.446875
Croatia,HRV,2012,3.8690298
Croatia,HRV,2013,3.7403486
Croatia,HRV,2014,4.2066593
Croatia,HRV,2015,4.9197054
Croatia,HRV,2016,8.550465
Croatia,HRV,2017,8.108685
Croatia,HRV,2018,8.08795
Croatia,HRV,2019,7.6953435
Croatia,HRV,2020,11.247464
Croatia,HRV,2021,16.652582
Croatia,HRV,2022,11.34271
Cuba,CUB,1995,10.305555
Cuba,CUB,1996,13.875
Cuba,CUB,1997,13.891566
Cuba,CUB,1998,14.787234
Cuba,CUB,1999,16.092783
Cuba,CUB,2000,12.52518
Cuba,CUB,2001,14.347108
Cuba,CUB,2002,14.918919
Cuba,CUB,2003,16.345133
Cuba,CUB,2004,16.266129
Cuba,CUB,2005,13.95679
Cuba,CUB,2006,10.80402
Cuba,CUB,2007,10.922681
Cuba,CUB,2008,11.465346
Cuba,CUB,2009,11.674757
Cuba,CUB,2010,9.988048
Cuba,CUB,2011,10.624506
Cuba,CUB,2012,13.253521
Cuba,CUB,2013,9.926574
Cuba,CUB,2014,8.397183
Cuba,CUB,2015,6.0448275
Cuba,CUB,2016,10.324676
Cuba,CUB,2017,10.008715
Cuba,CUB,2018,8.485507
Cuba,CUB,2019,6.5584617
Cuba,CUB,2020,4.0036902
Cuba,CUB,2021,1.4569672
Cuba,CUB,2022,2.2040985
Czechia,CZE,2003,1.0593373
Czechia,CZE,2004,1.3618847
Czechia,CZE,2005,1.3505673
Czechia,CZE,2006,1.4921007
Czechia,CZE,2007,1.035588
Czechia,CZE,2008,0.9697879
Czechia,CZE,2009,0.9937107
Czechia,CZE,2010,0.9949268
Czechia,CZE,2011,1.7084675
Czechia,CZE,2012,1.8680569
Czechia,CZE,2013,1.7816987
Czechia,CZE,2014,1.8844452
Czechia,CZE,2015,1.9841188
Czechia,CZE,2016,2.1251037
Czechia,CZE,2017,2.0169742
Czechia,CZE,2018,1.9326929
Czechia,CZE,2019,1.9944187
Czechia,CZE,2020,1.633764
Czechia,CZE,2021,3.2454782
Democratic Republic of Congo,COD,1998,1.06
Democratic Republic of Congo,COD,1999,1.6
Democratic Republic of Congo,COD,2015,0.994382
Democratic Republic of Congo,COD,2016,0.8278302
Denmark,DNK,1996,0.42204568
Denmark,DNK,1997,0.4598338
Denmark,DNK,1998,0.43295738
Denmark,DNK,1999,0.42643338
Denmark,DNK,2000,0.70544803
Denmark,DNK,2001,0.7448443
Denmark,DNK,2002,0.6962513
Denmark,DNK,2003,0.62437093
Denmark,DNK,2004,0.9548596
Denmark,DNK,2005,1.6781862
Denmark,DNK,2006,1.5101974
Denmark,DNK,2007,1.4143815
Denmark,DNK,2008,1.4205136
Denmark,DNK,2009,1.21458
Denmark,DNK,2010,1.1317629
Denmark,DNK,2011,1.0022942
Denmark,DNK,2012,1.0765014
Denmark,DNK,2013,1.2264583
Denmark,DNK,2014,1.2039165
Denmark,DNK,2015,1.1593816
Denmark,DNK,2016,1.1170863
Denmark,DNK,2017,1.5365402
Denmark,DNK,2018,1.7055519
Denmark,DNK,2019,1.6202685
Denmark,DNK,2020,1.4725769
Denmark,DNK,2021,2.3742929
Denmark,DNK,2022,2.3481715
Dominican Republic,DOM,1995,10.571428
Dominican Republic,DOM,1996,5.379888
Dominican Republic,DOM,1997,6.228169
Dominican Republic,DOM,1998,6.5225987
Dominican Republic,DOM,1999,7.2975206
Dominican Republic,DOM,2000,8.2722225
Dominican Republic,DOM,2001,8.706948
Dominican Republic,DOM,2002,8.466867
Dominican Republic,DOM,2003,10.224299
Dominican Republic,DOM,2004,9.375
Dominican Republic,DOM,2005,8.80907
Dominican Republic,DOM,2006,9.440476
Dominican Republic,DOM,2007,8.984199
Dominican Republic,DOM,2008,9.636804
Dominican Republic,DOM,2009,9.619277
Dominican Republic,DOM,2010,10.286783
Dominican Republic,DOM,2011,10.553922
Dominican Republic,DOM,2012,10.916268
Dominican Republic,DOM,2013,11.964286
Dominican Republic,DOM,2014,12.04075
Dominican Republic,DOM,2015,11.715481
Dominican Republic,DOM,2016,11.9186
Dominican Republic,DOM,2017,11.854406
Dominican Republic,DOM,2018,12.780155
Dominican Republic,DOM,2019,12.116541
Dominican Republic,DOM,2020,11.452381
Dominican Republic,DOM,2021,8.982015
Dominican Republic,DOM,2022,9.183846
Egypt,EGY,1995,1.0700709
Egypt,EGY,1996,1.254623
Egypt,EGY,1997,1.3434974
Egypt,EGY,1998,1.1257883
Egypt,EGY,1999,1.5557866
Egypt,EGY,2000,1.7260458
Egypt,EGY,2001,1.4173715
Egypt,EGY,2002,1.4732733
Egypt,EGY,2003,1.5768386
Egypt,EGY,2004,1.4961612
Egypt,EGY,2005,1.5534201
Egypt,EGY,2006,1.908188
El Salvador,SLV,2010,1.1511512
El Salvador,SLV,2011,1.0206896
El Salvador,SLV,2012,1.0791057
El Salvador,SLV,2013,1.1003431
El Salvador,SLV,2014,1.1564919
El Salvador,SLV,2015,1.1216
El Salvador,SLV,2016,1.0163004
El Salvador,SLV,2017,1.1162124
El Salvador,SLV,2018,1.3311905
El Salvador,SLV,2019,1.3268219
El Salvador,SLV,2020,1.4296875
El Salvador,SLV,2021,1.5218477
El Salvador,SLV,2022,1.4889764
Estonia,EST,1995,0.3004535
Estonia,EST,1996,0.42986426
Estonia,EST,1997,0.45173267
Estonia,EST,1998,0.4972875
Estonia,EST,1999,0.53370786
Estonia,EST,2000,0.67777777
Estonia,EST,2001,0.79613996
Estonia,EST,2002,0.7366144
Estonia,EST,2003,0.70457834
Estonia,EST,2006,4.4292235
Estonia,EST,2007,2.8064992
Estonia,EST,2008,3.2109826
Estonia,EST,2009,2.8989363
Estonia,EST,2010,2.6293194
Estonia,EST,2011,2.678368
Estonia,EST,2012,2.5780296
Estonia,EST,2013,2.668096
Estonia,EST,2014,2.2159889
Estonia,EST,2015,2.3688
Estonia,EST,2016,2.3383121
Estonia,EST,2017,2.5363564
Estonia,EST,2018,1.5592073
Estonia,EST,2019,1.960047
Estonia,EST,2020,1.8333334
Estonia,EST,2021,1.4052174
Estonia,EST,2022,1.9871559
Eswatini,SWZ,2005,0.77356744
Eswatini,SWZ,2006,0.8143657
Eswatini,SWZ,2007,0.7690266
Eswatini,SWZ,2008,0.642311
Eswatini,SWZ,2009,0.72931725
Eswatini,SWZ,2010,0.76073617
Eswatini,SWZ,2011,0.6954114
Eswatini,SWZ,2012,0.63292944
Eswatini,SWZ,2013,0.61538464
Eswatini,SWZ,2014,0.5666868
Eswatini,SWZ,2015,0.50963223
Eswatini,SWZ,2016,0.529346
Eswatini,SWZ,2017,0.5259851
Eswatini,SWZ,2018,0.45544556
Eswatini,SWZ,2019,0.39511913
Eswatini,SWZ,2020,0.39692622
Eswatini,SWZ,2021,0.57728815
Eswatini,SWZ,2022,0.5527426
Ethiopia,ETH,1995,0.85833335
Ethiopia,ETH,1996,0.81954885
Fiji,FJI,1995,4.6764708
Fiji,FJI,1996,4.7222223
Fiji,FJI,1997,4.8513513
Fiji,FJI,1998,4.75641
Fiji,FJI,1999,4.6067414
Fiji,FJI,2000,3.5421686
Fiji,FJI,2001,4.0941176
Fiji,FJI,2002,4.020202
Fiji,FJI,2003,4.144231
Fiji,FJI,2004,5.361702
Fiji,FJI,2005,5
Fiji,FJI,2006,4.53719
Fiji,FJI,2007,4.5
Fiji,FJI,2008,4.717742
Fiji,FJI,2009,4.336
Fiji,FJI,2010,4.9375
Fiji,FJI,2011,5.1136365
Fiji,FJI,2012,5.007576
Fiji,FJI,2016,5.076923
Fiji,FJI,2017,4.988166
Fiji,FJI,2018,5
Fiji,FJI,2019,5.137931
Fiji,FJI,2020,3.6725
Fiji,FJI,2021,2.2857144
Fiji,FJI,2022,5.8376145
Finland,FIN,1995,0.34563825
Finland,FIN,1996,0.350549
Finland,FIN,1997,0.350086
Finland,FIN,1998,0.5574531
Finland,FIN,1999,0.46179903
Finland,FIN,2000,0.45891106
Finland,FIN,2001,0.48523352
Finland,FIN,2002,0.49086562
Finland,FIN,2003,0.46571174
Finland,FIN,2004,0.4898241
Finland,FIN,2005,0.5320231
Finland,FIN,2006,0.58634466
Finland,FIN,2007,0.61210644
Finland,FIN,2008,0.6120601
Finland,FIN,2009,0.58693415
Finland,FIN,2010,0.5532941
Finland,FIN,2011,0.57629913
Finland,FIN,2012,0.46670347
Finland,FIN,2013,0.326676
Finland,FIN,2014,0.3127935
Finland,FIN,2015,0.2944744
Finland,FIN,2016,0.30564383
Finland,FIN,2017,0.34083602
Finland,FIN,2018,0.34116402
Finland,FIN,2019,0.34962806
Finland,FIN,2020,0.38454935
Finland,FIN,2021,0.44585636
Finland,FIN,2022,0.34417474
France,FRA,1995,3.212726
France,FRA,1996,3.4381576
France,FRA,1997,3.8907976
France,FRA,1998,3.8783536
France,FRA,1999,4.377701
France,FRA,2000,3.8816252
France,FRA,2001,3.9035556
France,FRA,2002,4.2048593
France,FRA,2003,4.0400515
France,FRA,2004,3.5224552
France,FRA,2005,3.3357651
France,FRA,2006,3.5034173
France,FRA,2007,2.8770237
France,FRA,2008,3.1058574
France,FRA,2009,3.0534606
France,FRA,2010,3.0608602
France,FRA,2011,3.0777671
France,FRA,2012,3.2381403
France,FRA,2013,3.20904
France,FRA,2014,2.9979942
France,FRA,2015,3.1691685
France,FRA,2016,3.1220784
France,FRA,2017,2.9859922
France,FRA,2018,2.9277263
France,FRA,2019,2.9899037
France,FRA,2020,3.4919996
France,FRA,2021,3.5373876
French Polynesia,PYF,1995,2.7301588
French Polynesia,PYF,1996,2.523077
French Polynesia,PYF,2009,1.8181819
French Polynesia,PYF,2010,1.730337
French Polynesia,PYF,2011,1.9404762
French Polynesia,PYF,2012,2.0361445
French Polynesia,PYF,2014,3.7708333
French Polynesia,PYF,2015,3.3454545
French Polynesia,PYF,2016,4
French Polynesia,PYF,2017,3.6181817
French Polynesia,PYF,2018,4.6021276
French Polynesia,PYF,2019,3.7619047
French Polynesia,PYF,2020,6.4166665
Gabon,GAB,1998,0.96059114
Gabon,GAB,1999,0.95187163
Gabon,GAB,2000,0.92261904
Gabon,GAB,2001,0.8941799
Gabon,GAB,2002,0.9497717
Gabon,GAB,2003,0.94067794
Gambia,GMB,2005,0.27906978
Gambia,GMB,2006,0.40716612
Georgia,GEO,2010,0.51150525
Georgia,GEO,2011,0.81940097
Georgia,GEO,2012,0.8997805
Georgia,GEO,2013,0.8956522
Georgia,GEO,2014,0.9462331
Georgia,GEO,2015,0.9604592
Georgia,GEO,2016,0.9697059
Georgia,GEO,2017,1.0567125
Georgia,GEO,2018,1.286371
Georgia,GEO,2019,1.3440212
Germany,DEU,1997,0.2838172
Germany,DEU,1998,0.23859827
Germany,DEU,1999,0.21915492
Germany,DEU,2000,0.23579316
Germany,DEU,2001,0.21901633
Germany,DEU,2002,0.22351448
Germany,DEU,2003,0.2155838
Germany,DEU,2004,0.23729952
Germany,DEU,2005,0.24820484
Germany,DEU,2006,0.28812605
Germany,DEU,2007,0.29745793
Germany,DEU,2008,0.28867415
Germany,DEU,2009,0.28311923
Germany,DEU,2010,0.3129658
Germany,DEU,2011,0.33502573
Germany,DEU,2012,0.36759782
Germany,DEU,2013,0.3606833
Germany,DEU,2014,0.39754
Germany,DEU,2015,0.41761705
Germany,DEU,2016,0.39086032
Germany,DEU,2017,0.4053159
Germany,DEU,2018,0.35821158
Germany,DEU,2019,0.39748627
Germany,DEU,2020,0.33767325
Germany,DEU,2021,0.24016275
Germany,DEU,2022,0.3285848
Ghana,GHA,2015,5.691624
Ghana,GHA,2016,5.543672
Ghana,GHA,2017,5.0363827
Ghana,GHA,2018,4.968815
Ghana,GHA,2019,5.087798
Ghana,GHA,2020,2.2215269
Greece,GRC,2008,4.233466
Greece,GRC,2009,3.8891785
Greece,GRC,2010,3.9502501
Greece,GRC,2011,3.3246307
Greece,GRC,2012,3.3151035
Greece,GRC,2013,3.9007401
Greece,GRC,2014,3.7974837
Greece,GRC,2015,3.751232
Greece,GRC,2016,3.4276433
Greece,GRC,2017,3.5385816
Greece,GRC,2018,3.783821
Greece,GRC,2019,3.9944444
Greece,GRC,2020,3.1731498
Greece,GRC,2021,7.258144
Greece,GRC,2022,5.464468
Guatemala,GTM,2009,1.8772242
Guatemala,GTM,2010,1.9128205
Guatemala,GTM,2011,1.9463087
Guatemala,GTM,2012,2.0689654
Guatemala,GTM,2013,1.7842566
Guatemala,GTM,2014,1.6321429
Guatemala,GTM,2015,1.5686901
Guatemala,GTM,2016,1.5052232
Guatemala,GTM,2017,1.5583197
Guatemala,GTM,2018,1.4491457
Guatemala,GTM,2019,1.3494532
Guatemala,GTM,2020,0.98555416
Guatemala,GTM,2021,1.452944
Guatemala,GTM,2022,1.2608659
Honduras,HND,1995,1.818792
Honduras,HND,1996,1.6234568
Honduras,HND,1997,1.6775956
Honduras,HND,1998,1.589109
Honduras,HND,1999,1.5787234
Honduras,HND,2000,1.718978
Honduras,HND,2001,1.8566308
Honduras,HND,2002,1.9713261
Honduras,HND,2003,2.2057762
Honduras,HND,2004,2.1728814
Honduras,HND,2005,2.3697183
Honduras,HND,2006,2.5050848
Honduras,HND,2007,2.552381
Honduras,HND,2008,2.2454782
Honduras,HND,2009,2.1164558
Honduras,HND,2010,2.115196
Honduras,HND,2011,1.9398664
Honduras,HND,2012,1.9288793
Honduras,HND,2013,1.8322718
Honduras,HND,2014,1.5583483
Honduras,HND,2015,1.2716763
Honduras,HND,2016,1.2620482
Honduras,HND,2017,1.7525773
Honduras,HND,2018,1.6906188
Hungary,HUN,2005,1.4267944
Hungary,HUN,2006,1.5413684
Hungary,HUN,2007,1.5064527
Hungary,HUN,2008,1.4320065
Hungary,HUN,2009,1.5969676
Hungary,HUN,2010,1.7953559
Hungary,HUN,2011,1.9212745
Hungary,HUN,2012,2.1210818
Hungary,HUN,2013,2.1628664
Hungary,HUN,2014,2.1729014
Hungary,HUN,2015,2.2431839
Hungary,HUN,2016,2.1513186
Hungary,HUN,2017,2.093779
Hungary,HUN,2018,2.0293674
Hungary,HUN,2019,1.8069988
Hungary,HUN,2020,1.8979018
Hungary,HUN,2021,1.8194355
Hungary,HUN,2022,1.7648946
Iceland,ISL,1995,1.1445783
Iceland,ISL,1996,1.0578947
Iceland,ISL,1997,0.9950739
Iceland,ISL,1998,1.0220264
Iceland,ISL,1999,1.0233463
Iceland,ISL,2000,1.0706713
Iceland,ISL,2005,1.0274725
Iceland,ISL,2006,0.9590909
Iceland,ISL,2007,1.0543479
Iceland,ISL,2008,1.2125604
Iceland,ISL,2009,1.9073359
Iceland,ISL,2010,1.6354516
Iceland,ISL,2011,1.659824
Iceland,ISL,2012,1.8798883
Iceland,ISL,2013,2.2117808
Iceland,ISL,2014,2.4925
Iceland,ISL,2015,2.8644445
Iceland,ISL,2016,3.3432837
Iceland,ISL,2017,3.5945072
Iceland,ISL,2018,3.5086827
Iceland,ISL,2019,3.294599
Iceland,ISL,2020,3.7407691
Iceland,ISL,2021,3.1872146
India,IND,1995,0.69502616
India,IND,1996,0.6605081
India,IND,1997,0.6371444
India,IND,1998,0.61899763
India,IND,1999,0.6031592
India,IND,2000,0.5998641
India,IND,2001,0.555872
India,IND,2002,0.4825911
India,IND,2003,0.5094375
India,IND,2004,0.55641395
India,IND,2005,0.54544187
India,IND,2006,0.53321344
India,IND,2007,0.51947254
India,IND,2008,0.486106
India,IND,2009,0.4669739
India,IND,2010,0.4447182
India,IND,2011,0.45083606
India,IND,2012,0.4408847
India,IND,2013,0.4191026
India,IND,2014,0.71505725
India,IND,2015,0.65194345
India,IND,2016,0.6661485
India,IND,2019,0.6652179
India,IND,2020,0.88393986
India,IND,2021,0.83232105
Indonesia,IDN,2021,3.074155
Iran,IRN,2021,0.367194
Israel,ISR,1995,0.98052233
Israel,ISR,1996,0.83832335
Israel,ISR,1997,0.7425194
Israel,ISR,1998,0.65102243
Israel,ISR,1999,0.7218233
Israel,ISR,2000,0.6847026
Israel,ISR,2001,0.3358607
Israel,ISR,2002,0.2633364
Israel,ISR,2003,0.32221887
Israel,ISR,2004,0.4166021
Israel,ISR,2005,0.5161378
Israel,ISR,2006,0.4915163
Israel,ISR,2007,0.4984326
Israel,ISR,2008,0.61136204
Israel,ISR,2009,0.5792363
Israel,ISR,2010,0.65659404
Israel,ISR,2011,0.6428083
Israel,ISR,2012,0.6636008
Israel,ISR,2013,0.62266135
Israel,ISR,2014,0.56494886
Israel,ISR,2015,0.47513157
Israel,ISR,2016,0.42766553
Israel,ISR,2017,0.47558248
Israel,ISR,2018,0.48636848
Israel,ISR,2019,0.49591458
Israel,ISR,2020,0.5382124
Israel,ISR,2021,0.13136995
Israel,ISR,2022,0.31724384
Italy,ITA,1996,1.8753095
Italy,ITA,1997,2.0106642
Italy,ITA,1998,1.9738388
Italy,ITA,1999,2.1033351
Italy,ITA,2000,2.0508466
Italy,ITA,2001,1.9236155
Italy,ITA,2002,1.732048
Italy,ITA,2003,1.6117532
Italy,ITA,2004,1.7196734
Italy,ITA,2005,1.5774398
Italy,ITA,2006,1.7091832
Italy,ITA,2007,1.6927372
Italy,ITA,2008,1.6147975
Italy,ITA,2009,1.5728992
Italy,ITA,2010,1.5476799
Italy,ITA,2011,1.657109
Italy,ITA,2012,1.6934541
Italy,ITA,2013,1.8134955
Italy,ITA,2014,1.8083538
Italy,ITA,2015,1.8452026
Italy,ITA,2016,1.8017683
Italy,ITA,2017,1.8315674
Italy,ITA,2018,1.8462534
Italy,ITA,2019,1.8590035
Italy,ITA,2020,2.1062753
Italy,ITA,2021,2.176461
Italy,ITA,2022,1.9948338
Jordan,JOR,1995,0.9530142
Jordan,JOR,1996,0.9693251
Jordan,JOR,1997,0.918086
Jordan,JOR,1998,1.315516
Jordan,JOR,1999,1.1467009
Jordan,JOR,2000,0.9723077
Jordan,JOR,2001,0.9527066
Jordan,JOR,2002,1.8683386
Jordan,JOR,2003,1.9145647
Jordan,JOR,2004,2.009155
Jordan,JOR,2005,1.9612607
Jordan,JOR,2006,1.5077139
Jordan,JOR,2007,1.6384909
Jordan,JOR,2008,1.8909737
Jordan,JOR,2009,1.8446933
Jordan,JOR,2010,1.553545
Jordan,JOR,2011,2.050751
Jordan,JOR,2012,2.6560307
Jordan,JOR,2013,2.6335113
Jordan,JOR,2014,3.2439024
Jordan,JOR,2016,2.3606882
Jordan,JOR,2017,2.4142587
Jordan,JOR,2018,2.7648234
Jordan,JOR,2019,2.9202342
Jordan,JOR,2020,2.6280787
Jordan,JOR,2021,2.3782506
Jordan,JOR,2022,3.0569692
Kazakhstan,KAZ,2000,1.1796311
Kazakhstan,KAZ,2001,0.804272
Kazakhstan,KAZ,2002,1.2453825
Kazakhstan,KAZ,2003,1.0151643
Kazakhstan,KAZ,2004,0.78492975
Kazakhstan,KAZ,2005,1.0564706
Kazakhstan,KAZ,2006,0.9593361
Kazakhstan,KAZ,2007,0.871207
Kazakhstan,KAZ,2008,0.7088936
Kazakhstan,KAZ,2009,0.51893014
Kazakhstan,KAZ,2010,0.5075513
Kazakhstan,KAZ,2011,0.5212685
Kazakhstan,KAZ,2012,0.49994367
Kazakhstan,KAZ,2013,0.49602255
Kazakhstan,KAZ,2014,0.4457478
Kuwait,KWT,1995,0.082004555
Kuwait,KWT,1996,0.07231209
Kuwait,KWT,1997,0.072014585
Kuwait,KWT,1998,0.06091772
Kuwait,KWT,1999,0.06947891
Kuwait,KWT,2000,0.0631068
Kuwait,KWT,2001,0.043817528
Kuwait,KWT,2002,0.055652175
Kuwait,KWT,2003,0.052987598
Kuwait,KWT,2004,0.04719917
Kuwait,KWT,2005,0.0478601
Kuwait,KWT,2006,0.07315145
Kuwait,KWT,2007,0.11060777
Kyrgyzstan,KGZ,1995,0.85714287
Kyrgyzstan,KGZ,1998,1.7878788
Kyrgyzstan,KGZ,1999,1.0666667
Kyrgyzstan,KGZ,2000,1.2553191
Kyrgyzstan,KGZ,2001,2.152174
Kyrgyzstan,KGZ,2002,2.3728814
Kyrgyzstan,KGZ,2006,0.40748897
Kyrgyzstan,KGZ,2007,0.43470484
Latvia,LVA,2009,0.841068
Latvia,LVA,2010,0.8321212
Latvia,LVA,2011,0.97581697
Latvia,LVA,2012,1.0264664
Latvia,LVA,2013,1.2327448
Latvia,LVA,2014,1.3531572
Latvia,LVA,2015,1.6296296
Latvia,LVA,2016,1.4344
Latvia,LVA,2017,1.5407114
Latvia,LVA,2018,1.4225147
Latvia,LVA,2019,1.3074324
Latvia,LVA,2020,1.4722222
Latvia,LVA,2021,0.93359375
Libya,LBY,1995,0.11570248
Libya,LBY,1996,0.17849898
Libya,LBY,1997,0.07692308
Lithuania,LTU,1995,0.33766234
Lithuania,LTU,1996,0.2905028
Lithuania,LTU,1997,0.33948338
Lithuania,LTU,1998,0.4369022
Lithuania,LTU,1999,0.4078004
Lithuania,LTU,2000,0.29818282
Lithuania,LTU,2001,0.37492624
Lithuania,LTU,2002,0.3984375
Lithuania,LTU,2003,0.42575672
Lithuania,LTU,2005,1.2247398
Lithuania,LTU,2006,1.2185578
Lithuania,LTU,2007,0.89464176
Lithuania,LTU,2008,0.9169038
Lithuania,LTU,2009,1.041149
Lithuania,LTU,2010,1.0680368
Lithuania,LTU,2011,1.1631716
Lithuania,LTU,2012,1.1124122
Lithuania,LTU,2013,1.1405896
Lithuania,LTU,2014,1.1531582
Lithuania,LTU,2015,1.1134409
Lithuania,LTU,2016,1.1756272
Lithuania,LTU,2017,1.2416339
Lithuania,LTU,2018,1.2589127
Lithuania,LTU,2019,1.2249681
Lithuania,LTU,2020,1.3739003
Lithuania,LTU,2021,1.1418935
Lithuania,LTU,2022,1.1302762
Luxembourg,LUX,1997,1.1210375
Luxembourg,LUX,1998,1.0422721
Luxembourg,LUX,1999,1.0667491
Luxembourg,LUX,2000,0.8968421
Luxembourg,LUX,2001,0.90574217
Luxembourg,LUX,2002,0.84366065
Luxembourg,LUX,2003,0.84916747
Luxembourg,LUX,2004,0.79818183
Luxembourg,LUX,2005,0.7704641
Luxembourg,LUX,2006,0.8376384
Luxembourg,LUX,2007,0.8074205
Luxembourg,LUX,2008,0.7369748
Luxembourg,LUX,2009,0.6218796
Luxembourg,LUX,2010,0.650768
Luxembourg,LUX,2011,0.53195375
Luxembourg,LUX,2012,0.60126585
Luxembourg,LUX,2013,0.58189654
Luxembourg,LUX,2014,0.57190084
Luxembourg,LUX,2015,0.64042306
Luxembourg,LUX,2016,0.66372794
Luxembourg,LUX,2017,0.4458653
Luxembourg,LUX,2018,0.4055777
Luxembourg,LUX,2019,0.40855572
Luxembourg,LUX,2020,0.35958904
Luxembourg,LUX,2021,0.33902976
Luxembourg,LUX,2022,0.35934728
Madagascar,MDG,1995,1.9230769
Malawi,MWI,2019,8.15
Maldives,MDV,1995,9.84375
Maldives,MDV,1996,10.59375
Maldives,MDV,1997,11.090909
Maldives,MDV,1998,10.7027025
Maldives,MDV,1999,10.238095
Maldives,MDV,2000,11.119047
Maldives,MDV,2001,11.243902
Maldives,MDV,2002,11.27907
Maldives,MDV,2003,12.818182
Maldives,MDV,2004,10.114754
Maldives,MDV,2005,5.12987
Maldives,MDV,2006,8.135135
Maldives,MDV,2007,6.627451
Maldives,MDV,2008,5.5528455
Malta,MLT,1995,6.846626
Malta,MLT,1996,6.2738094
Malta,MLT,1997,6.4593024
Malta,MLT,1998,7.077844
Malta,MLT,1999,6.782123
Malta,MLT,2000,6.08
Malta,MLT,2001,6.592179
Malta,MLT,2002,7.22293
Malta,MLT,2003,6.4770117
Malta,MLT,2004,5.6945815
Malta,MLT,2005,5.2044444
Malta,MLT,2006,4.373541
Malta,MLT,2007,4.4428573
Malta,MLT,2008,4.94636
Malta,MLT,2009,4.4772725
Malta,MLT,2010,4.554422
Malta,MLT,2011,4.579288
Malta,MLT,2012,4.3595166
Malta,MLT,2013,4.3581266
Malta,MLT,2014,4.322251
Malta,MLT,2015,4.165888
Malta,MLT,2016,3.9557345
Malta,MLT,2017,3.9685864
Malta,MLT,2018,3.8965516
Malta,MLT,2019,3.893918
Malta,MLT,2020,3.3451777
Malta,MLT,2021,3.1947196
Malta,MLT,2022,3.8002326
Mauritius,MUS,1995,3.9439251
Mauritius,MUS,1996,4.0583334
Mauritius,MUS,1997,4.060606
Mauritius,MUS,1998,3.902098
Mauritius,MUS,1999,3.7532468
Mauritius,MUS,2000,4.02454
Mauritius,MUS,2001,4.099379
Mauritius,MUS,2002,4.2098765
Mauritius,MUS,2003,4.3602486
Mauritius,MUS,2004,3.9944444
Mauritius,MUS,2005,4.15847
Mauritius,MUS,2006,4.236559
Mauritius,MUS,2007,4.258216
Mauritius,MUS,2008,4.115044
Mauritius,MUS,2009,4.4438777
Mauritius,MUS,2010,4.4103775
Mauritius,MUS,2011,4.4063926
Mauritius,MUS,2012,4.07173
Mauritius,MUS,2013,4.355263
Mauritius,MUS,2014,4.6547084
Mauritius,MUS,2015,4.7561984
Mauritius,MUS,2016,4.9038463
Mauritius,MUS,2017,4.7420497
Mauritius,MUS,2018,4.7263513
Mauritius,MUS,2019,4.321875
Mauritius,MUS,2020,4.753846
Mauritius,MUS,2021,4.2809525
Mauritius,MUS,2022,4.348016
Mexico,MEX,1995,2.3953846
Mexico,MEX,1996,2.3769581
Mexico,MEX,1997,2.1718295
Mexico,MEX,1998,2.0122445
Mexico,MEX,1999,1.8395479
Mexico,MEX,2000,1.8630743
Mexico,MEX,2001,1.6405797
Mexico,MEX,2002,1.6460495
Mexico,MEX,2003,1.690058
Mexico,MEX,2004,1.6502321
Mexico,MEX,2005,1.6471251
Mexico,MEX,2006,1.5249964
Mexico,MEX,2007,1.4161369
Mexico,MEX,2008,1.578509
Mexico,MEX,2009,1.5843732
Mexico,MEX,2010,1.6248082
Mexico,MEX,2011,1.5813906
Mexico,MEX,2012,1.5020217
Mexico,MEX,2013,1.5178807
Mexico,MEX,2014,1.6070313
Mexico,MEX,2015,1.6371474
Mexico,MEX,2016,1.7346091
Mexico,MEX,2017,2.0606809
Mexico,MEX,2018,2.0920093
Mexico,MEX,2019,2.2727916
Mexico,MEX,2020,3.379714
Mexico,MEX,2021,2.7265725
Mexico,MEX,2022,2.7873163
Moldova,MDA,1995,0.45070422
Moldova,MDA,1996,0.537037
Moldova,MDA,1997,0.6
Moldova,MDA,1998,0.6785714
Moldova,MDA,1999,0.3783784
Moldova,MDA,2000,0.5625
Moldova,MDA,2001,0.53333336
Moldova,MDA,2002,0.34615386
Moldova,MDA,2003,0.31343284
Moldova,MDA,2004,1.0147059
Moldova,MDA,2005,1.1754386
Moldova,MDA,2006,0.9264706
Moldova,MDA,2007,0.85365856
Moldova,MDA,2008,0.85882354
Moldova,MDA,2009,0.6451613
Moldova,MDA,2010,0.5474765
Moldova,MDA,2011,0.55187637
Moldova,MDA,2012,0.6079235
Moldova,MDA,2013,0.6077559
Moldova,MDA,2014,0.52311975
Moldova,MDA,2015,0.5083468
Moldova,MDA,2016,0.7117647
Moldova,MDA,2017,0.6712963
Moldova,MDA,2018,0.6374502
Moldova,MDA,2019,0.6020761
Moldova,MDA,2020,0.39726028
Moldova,MDA,2021,0.31855956
Moldova,MDA,2022,0.51071876
Morocco,MAR,1995,1.9757024
Morocco,MAR,1996,2.2219472
Morocco,MAR,1997,2.553616
Morocco,MAR,1998,2.427451
Morocco,MAR,1999,2.47055
Morocco,MAR,2000,2.83687
Morocco,MAR,2001,2.574956
Morocco,MAR,2002,2.9047618
Morocco,MAR,2003,2.953474
Morocco,MAR,2004,3.4167187
Morocco,MAR,2005,2.600356
Morocco,MAR,2006,3.0716627
Morocco,MAR,2007,2.7755713
Morocco,MAR,2008,2.3031278
Morocco,MAR,2009,3.6375928
Morocco,MAR,2010,4.2703447
Morocco,MAR,2011,3.9285114
Morocco,MAR,2012,4.03573
Morocco,MAR,2013,4.5767655
Morocco,MAR,2014,5.558378
Morocco,MAR,2015,5.3282723
Morocco,MAR,2016,5.5429187
Morocco,MAR,2017,6.1379123
Morocco,MAR,2018,6.390536
Morocco,MAR,2019,6.437033
Morocco,MAR,2020,4.3003097
Morocco,MAR,2021,4.283084
Morocco,MAR,2022,5.380693
Nepal,NPL,1995,3.63
Nepal,NPL,1996,3.3109243
Nepal,NPL,1997,3.1969697
Nepal,NPL,1998,3.8032787
Nepal,NPL,1999,3.936
Nepal,NPL,2000,2.9935484
Nepal,NPL,2001,1.805
Nepal,NPL,2002,1.1554621
Nepal,NPL,2003,1.3100775
Nepal,NPL,2004,1.3461539
Nepal,NPL,2005,1.0053619
Nepal,NPL,2006,0.9253012
Nepal,NPL,2007,1.1236674
Nepal,NPL,2008,0.8912656
Nepal,NPL,2009,0.86587435
Nepal,NPL,2010,0.7882353
Nepal,NPL,2011,0.95090437
Nepal,NPL,2012,0.9315545
Nepal,NPL,2013,0.8118006
Nepal,NPL,2017,0.78529656
Netherlands,NLD,1995,0.53390723
Netherlands,NLD,1996,0.51378155
Netherlands,NLD,1997,0.6098149
Netherlands,NLD,1998,0.6870803
Netherlands,NLD,1999,0.6961365
Netherlands,NLD,2000,0.71984744
Netherlands,NLD,2001,0.66835517
Netherlands,NLD,2002,0.57389796
Netherlands,NLD,2003,0.55896497
Netherlands,NLD,2004,0.56310564
Netherlands,NLD,2005,0.5875932
Netherlands,NLD,2006,0.6432465
Netherlands,NLD,2007,0.6282029
Netherlands,NLD,2008,0.5491603
Netherlands,NLD,2009,0.54094875
Netherlands,NLD,2010,0.5924978
Netherlands,NLD,2011,0.60883623
Netherlands,NLD,2012,0.6270131
Netherlands,NLD,2013,0.7064773
Netherlands,NLD,2014,0.77671796
Netherlands,NLD,2015,0.8558312
Netherlands,NLD,2016,0.87197006
Netherlands,NLD,2017,0.8632664
Netherlands,NLD,2018,0.8950956
Netherlands,NLD,2019,0.9130869
Netherlands,NLD,2020,0.9475675
Netherlands,NLD,2021,0.5385743
Netherlands,NLD,2022,0.693986
New Caledonia,NCL,1995,1.4576272
New Caledonia,NCL,1996,1.421875
New Caledonia,NCL,1997,1.6666666
New Caledonia,NCL,1998,1.5294118
New Caledonia,NCL,1999,1.4492754
New Caledonia,NCL,2000,1.5942029
New Caledonia,NCL,2001,1.4852941
New Caledonia,NCL,2002,1.4444444
New Caledonia,NCL,2003,1.3076923
New Caledonia,NCL,2004,1.1235955
New Caledonia,NCL,2005,1.0520834
New Caledonia,NCL,2006,1
New Caledonia,NCL,2007,0.9716981
New Caledonia,NCL,2008,0.9285714
New Caledonia,NCL,2009,0.8319328
New Caledonia,NCL,2010,0.75
New Caledonia,NCL,2011,0.9032258
New Caledonia,NCL,2012,0.92561984
New Caledonia,NCL,2013,0.892562
New Caledonia,NCL,2014,0.86290324
New Caledonia,NCL,2015,0.8976378
New Caledonia,NCL,2016,0.86567163
New Caledonia,NCL,2017,0.8962963
New Caledonia,NCL,2018,0.8633093
New Caledonia,NCL,2019,0.42258066
New Caledonia,NCL,2020,0.29807693
New Caledonia,NCL,2021,0.6888889
New Caledonia,NCL,2022,0.49685535
New Zealand,NZL,1998,1.2650086
New Zealand,NZL,1999,1.3468355
New Zealand,NZL,2000,1.3873733
New Zealand,NZL,2001,1.4763014
New Zealand,NZL,2002,1.5668987
New Zealand,NZL,2003,1.518195
New Zealand,NZL,2004,1.3416041
New Zealand,NZL,2005,1.2569444
New Zealand,NZL,2006,1.2842557
New Zealand,NZL,2007,1.2305359
New Zealand,NZL,2008,1.2053889
New Zealand,NZL,2009,1.2372262
New Zealand,NZL,2010,1.2018756
New Zealand,NZL,2011,1.1979961
New Zealand,NZL,2012,1.138582
New Zealand,NZL,2013,1.1966318
New Zealand,NZL,2014,1.2179261
New Zealand,NZL,2015,1.2599503
New Zealand,NZL,2016,1.2906932
New Zealand,NZL,2017,1.2460568
New Zealand,NZL,2018,1.2132982
New Zealand,NZL,2019,1.147907
New Zealand,NZL,2020,1.8551859
New Zealand,NZL,2021,0.87606835
New Zealand,NZL,2022,0.8526704
Nicaragua,NIC,1995,1.1019608
Nicaragua,NIC,1996,1.0744681
Nicaragua,NIC,1997,1.0848485
Nicaragua,NIC,1998,0.9620853
Nicaragua,NIC,1999,1.0353982
Nicaragua,NIC,2000,1
Nicaragua,NIC,2001,0.96793586
Nicaragua,NIC,2002,0.88721806
Nicaragua,NIC,2003,0.93594307
Nicaragua,NIC,2004,0.87731814
Nicaragua,NIC,2005,0.96216214
Nicaragua,NIC,2006,0.9689521
Nicaragua,NIC,2007,0.8429926
Nicaragua,NIC,2008,0.91082805
Nicaragua,NIC,2009,1.0862471
Nicaragua,NIC,2010,1.1134361
Nicaragua,NIC,2011,1.1622807
Nicaragua,NIC,2012,1.2053115
Nicaragua,NIC,2013,1.2364185
Nicaragua,NIC,2014,1.3868613
Nicaragua,NIC,2015,1.4983784
Nicaragua,NIC,2016,1.5331295
Nicaragua,NIC,2017,1.8197556
Nicaragua,NIC,2018,1.2895278
Nicaragua,NIC,2019,1.3645943
Nicaragua,NIC,2020,1.1815385
Nicaragua,NIC,2021,0.5978495
Nicaragua,NIC,2022,1.1701001
Niger,NER,1995,3.5
Niger,NER,1996,6.8
Niger,NER,1997,6.8
Niger,NER,1998,4.1
Niue,NIU,1999,3.8
Niue,NIU,2000,1.9
Niue,NIU,2001,1.1666666
Niue,NIU,2002,1.9090909
Niue,NIU,2003,1.9285715
Niue,NIU,2004,1.7333333
Niue,NIU,2005,1.75
Niue,NIU,2006,1.875
Niue,NIU,2007,1.9444444
Niue,NIU,2008,2.6111112
Niue,NIU,2009,2.764706
Niue,NIU,2010,3.875
Niue,NIU,2020,2.6
Niue,NIU,2021,0.4
Norway,NOR,1995,4.881356
Norway,NOR,1996,3.968208
Norway,NOR,1997,3.5883133
Norway,NOR,1999,1.4191986
Norway,NOR,2000,1.2965747
Norway,NOR,2001,1.3087734
Norway,NOR,2002,1.1833397
Norway,NOR,2003,1.2631376
Norway,NOR,2004,1.2256757
Norway,NOR,2005,1.2078332
Norway,NOR,2006,1.2577256
Norway,NOR,2007,1.289249
Norway,NOR,2009,0.65451807
Norway,NOR,2010,0.62806326
Norway,NOR,2011,0.6104551
Norway,NOR,2012,0.4905946
Norway,NOR,2013,0.5148707
Norway,NOR,2014,0.52829164
Norway,NOR,2015,0.61268574
Norway,NOR,2016,0.7422167
Norway,NOR,2017,0.7652387
Norway,NOR,2018,0.70135635
Norway,NOR,2019,0.66130483
Norway,NOR,2020,0.8266272
Norway,NOR,2021,0.77150536
Norway,NOR,2022,0.70730114
Oman,OMN,2005,0.44152626
Oman,OMN,2006,0.4741993
Oman,OMN,2007,0.54043305
Oman,OMN,2008,0.6658584
Oman,OMN,2009,0.92462003
Oman,OMN,2010,0.769354
Oman,OMN,2011,0.4161897
Oman,OMN,2012,0.42970914
Oman,OMN,2013,0.44859812
Oman,OMN,2014,0.47974986
Oman,OMN,2015,0.49739447
Oman,OMN,2016,0.5603552
Oman,OMN,2017,0.51777333
Oman,OMN,2018,0.6868657
Oman,OMN,2019,0.59185606
Oman,OMN,2020,0.5668488
Oman,OMN,2021,0.3539283
Oman,OMN,2022,0.62051713
Palau,PLW,1998,7.111111
Panama,PAN,1995,1.8648648
Panama,PAN,1996,1.9255319
Panama,PAN,1997,2.170103
Panama,PAN,1998,2.042654
Panama,PAN,1999,2.0678732
Panama,PAN,2000,2.2407408
Panama,PAN,2001,2.595
Panama,PAN,2002,2.67
Panama,PAN,2003,2.493392
Panama,PAN,2004,2.4257812
Panama,PAN,2005,2.463158
Panama,PAN,2006,2.9683099
Panama,PAN,2007,3.512739
Panama,PAN,2008,3.3794038
Panama,PAN,2009,3.5714285
Panama,PAN,2010,3.377551
Panama,PAN,2011,3.557971
Panama,PAN,2012,3.5928411
Panama,PAN,2013,2.6785138
Panama,PAN,2014,2.045721
Panama,PAN,2015,2.1865284
Panama,PAN,2016,1.8277831
Panama,PAN,2017,2.1208286
Panama,PAN,2018,1.75
Panama,PAN,2019,1.4298532
Panama,PAN,2020,1.032419
Panama,PAN,2021,1.0600343
Panama,PAN,2022,1.7485311
Papua New Guinea,PNG,1995,0.8235294
Papua New Guinea,PNG,1997,1.03125
Papua New Guinea,PNG,1998,1.0307692
Papua New Guinea,PNG,1999,1.1551725
Papua New Guinea,PNG,2000,1.1153846
Papua New Guinea,PNG,2001,1.4210526
Papua New Guinea,PNG,2002,0.5869565
Paraguay,PRY,1995,1.0257611
Paraguay,PRY,1996,1.0191388
Paraguay,PRY,1997,1.0704607
Paraguay,PRY,1998,1.100629
Paraguay,PRY,1999,0.95729536
Paraguay,PRY,2000,1.6514286
Paraguay,PRY,2001,1.77707
Paraguay,PRY,2002,1.7730496
Paraguay,PRY,2003,1.751634
Paraguay,PRY,2004,1.8176471
Paraguay,PRY,2005,1.8138298
Paraguay,PRY,2006,1.847619
Paraguay,PRY,2007,1.7190082
Paraguay,PRY,2008,1.5395683
Paraguay,PRY,2009,1.5243056
Paraguay,PRY,2010,1.5397351
Paraguay,PRY,2011,1.5100864
Paraguay,PRY,2012,1.4475
Paraguay,PRY,2013,1.3863636
Paraguay,PRY,2014,1.5234742
Paraguay,PRY,2015,1.2053572
Paraguay,PRY,2016,0.87025946
Paraguay,PRY,2017,1.0768185
Paraguay,PRY,2018,0.8161714
Paraguay,PRY,2019,0.8391994
Paraguay,PRY,2020,0.6666667
Paraguay,PRY,2021,0.25956285
Paraguay,PRY,2022,0.5864372
Peru,PER,1995,0.9429134
Peru,PER,1996,1.1450981
Peru,PER,1997,1.1247834
Peru,PER,1998,1.3494424
Peru,PER,1999,1.3528265
Peru,PER,2000,1.0958904
Peru,PER,2001,0.85
Peru,PER,2002,0.8636364
Peru,PER,2003,0.81609195
Peru,PER,2004,0.82568806
Peru,PER,2005,0.85334057
Peru,PER,2006,0.9267636
Peru,PER,2007,1.0005221
Peru,PER,2008,1.0757972
Peru,PER,2009,1.1316763
Peru,PER,2010,1.1171039
Peru,PER,2011,1.2185742
Peru,PER,2012,1.239547
Peru,PER,2013,1.3384094
Peru,PER,2014,1.3165438
Peru,PER,2015,1.3317919
Peru,PER,2016,1.3609596
Peru,PER,2017,1.4024348
Peru,PER,2018,1.4356725
Peru,PER,2019,1.3349619
Peru,PER,2020,1.1340076
Peru,PER,2021,0.71961105
Peru,PER,2022,0.9484541
Philippines,PHL,1995,1.0897833
Philippines,PHL,1996,0.9660537
Philippines,PHL,1997,1.1518135
Philippines,PHL,1998,1.1827188
Philippines,PHL,1999,1.2370371
Philippines,PHL,2000,1.1928144
Philippines,PHL,2001,1.0055959
Philippines,PHL,2002,0.98171663
Philippines,PHL,2003,1.0576817
Philippines,PHL,2004,1.1932292
Philippines,PHL,2005,1.2234142
Philippines,PHL,2006,1.0357013
Philippines,PHL,2007,1.0084801
Philippines,PHL,2008,0.93561846
Philippines,PHL,2009,0.94636136
Philippines,PHL,2014,1.3856078
Philippines,PHL,2015,1.0480938
Philippines,PHL,2016,1.0462915
Poland,POL,2005,2.451613
Poland,POL,2006,2.1465755
Poland,POL,2007,2.1702898
Poland,POL,2008,1.7052631
Poland,POL,2009,1.8873016
Poland,POL,2010,1.756338
Poland,POL,2011,2.1190476
Poland,POL,2012,1.595699
Poland,POL,2013,1.5721393
Poland,POL,2014,1.553398
Poland,POL,2015,1.5346789
Poland,POL,2016,1.5461062
Poland,POL,2017,1.5215
Poland,POL,2018,1.5329688
Poland,POL,2019,1.5672593
Poland,POL,2020,1.357742
Poland,POL,2021,1.4269779
Poland,POL,2022,1.3582014
Portugal,PRT,2012,5.5128584
Portugal,PRT,2013,6.1590605
Portugal,PRT,2014,6.988682
Portugal,PRT,2015,6.192816
Portugal,PRT,2016,6.882535
Portugal,PRT,2017,7.030524
Portugal,PRT,2018,6.510861
Portugal,PRT,2019,5.5751615
Portugal,PRT,2020,6.1882353
Portugal,PRT,2021,6.269763
Portugal,PRT,2022,6.137749
Puerto Rico,PRI,1995,2.5311236
Puerto Rico,PRI,1996,2.5886824
Puerto Rico,PRI,1997,2.5915267
Puerto Rico,PRI,1998,2.7168
Puerto Rico,PRI,1999,2.6666667
Puerto Rico,PRI,2000,2.6536934
Puerto Rico,PRI,2001,2.667919
Puerto Rico,PRI,2002,2.5158925
Puerto Rico,PRI,2003,2.5455976
Puerto Rico,PRI,2004,2.6017635
Puerto Rico,PRI,2005,2.6141844
Puerto Rico,PRI,2006,2.5354223
Puerto Rico,PRI,2007,2.5586398
Puerto Rico,PRI,2008,2.5841446
Puerto Rico,PRI,2009,2.8521504
Puerto Rico,PRI,2010,3.2510204
Puerto Rico,PRI,2011,3.2987013
Puerto Rico,PRI,2012,3.5034246
Puerto Rico,PRI,2013,3.7806914
Puerto Rico,PRI,2014,4.0933166
Puerto Rico,PRI,2015,4.747989
Puerto Rico,PRI,2016,4.735108
Puerto Rico,PRI,2017,4.4808674
Puerto Rico,PRI,2018,4.1969905
Puerto Rico,PRI,2019,4.151436
Puerto Rico,PRI,2020,3.8043604
Puerto Rico,PRI,2021,4.1801214
Puerto Rico,PRI,2022,3.0139043
Samoa,WSM,1999,1.4655173
Samoa,WSM,2000,1.4426229
Samoa,WSM,2001,1.5714285
Samoa,WSM,2002,1.6792452
Samoa,WSM,2003,1.8039216
Samoa,WSM,2004,1.8148148
Samoa,WSM,2005,1.9615384
Samoa,WSM,2006,2.1568627
Samoa,WSM,2007,2.25
Samoa,WSM,2008,2.2264152
Samoa,WSM,2009,2.8372092
Samoa,WSM,2010,2.1785715
Samoa,WSM,2011,2.122807
Samoa,WSM,2012,2.25
Samoa,WSM,2013,2.27451
Samoa,WSM,2014,2.1122806
Samoa,WSM,2015,2.3703704
Samoa,WSM,2017,2.6545455
Samoa,WSM,2018,2.5625
Samoa,WSM,2019,2.4927535
Samoa,WSM,2020,1.2486486
Samoa,WSM,2021,0.53061223
Samoa,WSM,2022,1.976
Sao Tome and Principe,STP,2007,1.3720931
Sao Tome and Principe,STP,2008,1.4077669
Saudi Arabia,SAU,2002,0.95124114
Saudi Arabia,SAU,2003,1.7865497
Saudi Arabia,SAU,2004,2.2563632
Saudi Arabia,SAU,2005,1.8253464
Saudi Arabia,SAU,2006,4.31
Saudi Arabia,SAU,2007,2.7947164
Saudi Arabia,SAU,2008,3.6107168
Saudi Arabia,SAU,2009,1.8065318
Saudi Arabia,SAU,2010,0.6086274
Saudi Arabia,SAU,2011,0.92786485
Saudi Arabia,SAU,2012,0.8747255
Saudi Arabia,SAU,2013,0.8234329
Saudi Arabia,SAU,2014,0.921083
Saudi Arabia,SAU,2015,0.8643066
Saudi Arabia,SAU,2016,0.8508511
Saudi Arabia,SAU,2017,0.7617989
Saudi Arabia,SAU,2018,0.77636576
Saudi Arabia,SAU,2019,0.9219358
Saudi Arabia,SAU,2020,0.8551354
Saudi Arabia,SAU,2021,0.41318583
Saudi Arabia,SAU,2022,0.9855467
Seychelles,SYC,1995,3.903226
Seychelles,SYC,1996,4.5172415
Seychelles,SYC,1997,4.3333335
Seychelles,SYC,1998,4.129032
Seychelles,SYC,1999,3.90625
Seychelles,SYC,2000,3.6111112
Seychelles,SYC,2001,3.1707318
Seychelles,SYC,2002,2.490566
Seychelles,SYC,2003,2.44
Seychelles,SYC,2004,2.5208333
Seychelles,SYC,2005,2.4807692
Seychelles,SYC,2006,2.5636363
Seychelles,SYC,2007,2.775862
Seychelles,SYC,2008,2.9444444
Seychelles,SYC,2009,3.2244897
Seychelles,SYC,2010,2.9661016
Seychelles,SYC,2011,4.0416665
Seychelles,SYC,2012,4.6222224
Seychelles,SYC,2013,4.893617
Seychelles,SYC,2014,4.66
Seychelles,SYC,2015,4.928571
Seychelles,SYC,2016,4.4558825
Seychelles,SYC,2017,4.7297297
Seychelles,SYC,2018,5.0277777
Seychelles,SYC,2019,5.0526314
Seychelles,SYC,2020,6.0473685
Seychelles,SYC,2021,6.7777777
Seychelles,SYC,2022,6.509804
Sierra Leone,SLE,1997,1.25
Sierra Leone,SLE,1998,1.8428571
Sierra Leone,SLE,1999,0.8153846
Sierra Leone,SLE,2000,1.2153846
Sierra Leone,SLE,2001,1.205
Sierra Leone,SLE,2002,1.0518519
Sierra Leone,SLE,2003,2.9307692
Sierra Leone,SLE,2004,1.5571429
Sierra Leone,SLE,2005,0.63492066
Sierra Leone,SLE,2006,0.50298506
Sierra Leone,SLE,2007,0.45352113
Sierra Leone,SLE,2008,0.49315068
Sierra Leone,SLE,2009,0.5138889
Sierra Leone,SLE,2010,0.5131579
Sierra Leone,SLE,2011,0.5252525
Sierra Leone,SLE,2012,0.5769231
Sierra Leone,SLE,2013,0.7297297
Sierra Leone,SLE,2014,0.47311828
Sierra Leone,SLE,2015,0.39344263
Sierra Leone,SLE,2016,0.59782606
Sierra Leone,SLE,2017,0.46363637
Sierra Leone,SLE,2018,0.5089286
Sierra Leone,SLE,2019,0.5163934
Sierra Leone,SLE,2020,0.6315789
Sierra Leone,SLE,2021,1.6
Singapore,SGP,1995,2.1171956
Singapore,SGP,1996,1.8299546
Singapore,SGP,1997,1.6055571
Singapore,SGP,1998,1.3676902
Singapore,SGP,1999,1.4112314
Singapore,SGP,2000,1.3640864
Singapore,SGP,2001,1.342425
Singapore,SGP,2002,1.3309844
Singapore,SGP,2003,1.1141909
Singapore,SGP,2004,1.2687318
Singapore,SGP,2005,1.3721652
Singapore,SGP,2006,1.3714079
Singapore,SGP,2007,1.3208832
Singapore,SGP,2008,1.139133
Singapore,SGP,2009,1.0757076
Singapore,SGP,2010,1.2477527
Singapore,SGP,2011,1.3401264
Singapore,SGP,2012,1.3789761
Singapore,SGP,2013,1.3760842
Singapore,SGP,2014,1.3325845
Singapore,SGP,2015,1.3207672
Singapore,SGP,2016,1.3629935
Singapore,SGP,2017,1.4059056
Singapore,SGP,2018,1.4138563
Singapore,SGP,2019,1.4115396
Singapore,SGP,2020,1.3519119
Singapore,SGP,2021,0.39015606
Singapore,SGP,2022,1.0368645
Slovenia,SVN,2000,0.5547074
Slovenia,SVN,2001,0.59318733
Slovenia,SVN,2002,0.61212975
Slovenia,SVN,2003,0.6494797
Slovenia,SVN,2004,0.5353571
Slovenia,SVN,2005,0.58458644
Slovenia,SVN,2006,0.6033582
Slovenia,SVN,2007,0.7015224
Slovenia,SVN,2008,0.7962586
Slovenia,SVN,2009,0.70533645
Slovenia,SVN,2010,0.7129436
Slovenia,SVN,2011,0.8214548
Slovenia,SVN,2012,0.96079224
Slovenia,SVN,2013,0.9578867
Slovenia,SVN,2014,1.0124905
Slovenia,SVN,2015,1.0540634
Slovenia,SVN,2016,1.1906765
Slovenia,SVN,2017,1.3245934
Slovenia,SVN,2018,1.3880175
Slovenia,SVN,2019,1.4832808
Slovenia,SVN,2020,1.0685413
Slovenia,SVN,2021,0.8629298
Slovenia,SVN,2022,1.2451756
Spain,ESP,1995,9.038103
Spain,ESP,1996,8.0556345
Spain,ESP,1997,9.93794
Spain,ESP,1998,8.738423
Spain,ESP,1999,12.91276
Spain,ESP,2000,11.317805
Spain,ESP,2001,11.733511
Spain,ESP,2002,13.002067
Spain,ESP,2003,12.421593
Spain,ESP,2004,10.2382345
Spain,ESP,2005,5.3434634
Spain,ESP,2006,5.432103
Spain,ESP,2007,5.2027316
Spain,ESP,2008,5.0932407
Spain,ESP,2009,4.3420153
Spain,ESP,2010,4.255352
Spain,ESP,2011,4.208961
Spain,ESP,2012,4.625986
Spain,ESP,2013,5.3952518
Spain,ESP,2014,5.5112453
Spain,ESP,2015,4.7320747
Spain,ESP,2016,4.888997
Spain,ESP,2017,4.807058
Spain,ESP,2018,4.350988
Spain,ESP,2019,4.2080626
Spain,ESP,2020,3.832591
Spain,ESP,2021,4.4461713
Spain,ESP,2022,4.5483336
Sri Lanka,LKA,1995,0.79960316
Sri Lanka,LKA,1996,0.61133605
Sri Lanka,LKA,1997,0.68926555
Sri Lanka,LKA,1998,0.73552126
Sri Lanka,LKA,1999,0.8772636
Sri Lanka,LKA,2000,0.7633588
Sri Lanka,LKA,2001,0.66732675
Sri Lanka,LKA,2002,0.73733586
Sri Lanka,LKA,2003,0.8930481
Sri Lanka,LKA,2004,0.83235294
Sri Lanka,LKA,2005,0.7551582
Sri Lanka,LKA,2006,0.73976225
Sri Lanka,LKA,2007,0.57308584
Sri Lanka,LKA,2008,0.45341614
Sri Lanka,LKA,2009,0.46521288
Sri Lanka,LKA,2010,0.5828877
Sri Lanka,LKA,2011,0.69087976
Sri Lanka,LKA,2012,0.7927502
Sri Lanka,LKA,2013,1.0103011
Sri Lanka,LKA,2014,1.1647598
Sri Lanka,LKA,2015,1.3259587
Sri Lanka,LKA,2016,1.4164364
Sri Lanka,LKA,2017,1.4707435
Sri Lanka,LKA,2018,1.5813009
Sri Lanka,LKA,2019,1.3282443
Sri Lanka,LKA,2020,1.6655737
Sri Lanka,LKA,2021,0.6278317
Sri Lanka,LKA,2022,0.6385809
Sudan,SDN,1995,0.14871795
Sweden,SWE,1995,0.22810309
Sweden,SWE,1996,0.22868143
Sweden,SWE,1997,0.22074321
Sweden,SWE,1998,0.22526702
Sweden,SWE,1999,0.24714285
Sweden,SWE,2000,0.37725437
Sweden,SWE,2001,0.38245973
Sweden,SWE,2002,0.3317815
Sweden,SWE,2003,0.337418
Sweden,SWE,2004,0.33519712
Sweden,SWE,2005,0.3114754
Sweden,SWE,2006,0.37654272
Sweden,SWE,2007,0.41159785
Sweden,SWE,2008,0.34271312
Sweden,SWE,2009,0.41875374
Sweden,SWE,2010,0.39740837
Sweden,SWE,2011,0.78950244
Sweden,SWE,2012,0.79572934
Sweden,SWE,2013,0.6898285
Sweden,SWE,2017,0.34644663
Sweden,SWE,2018,0.3945903
Sweden,SWE,2019,0.4231111
Sweden,SWE,2020,0.46319526
Sweden,SWE,2021,0.5184671
Switzerland,CHE,1995,0.62307143
Switzerland,CHE,1996,0.55799687
Switzerland,CHE,1997,0.56244504
Switzerland,CHE,1998,0.6042385
Switzerland,CHE,1999,0.6055015
Switzerland,CHE,2000,0.6389706
Switzerland,CHE,2001,0.64523107
Switzerland,CHE,2002,0.6010326
Switzerland,CHE,2003,0.74424434
Switzerland,CHE,2008,0.77222574
Switzerland,CHE,2009,0.79345644
Switzerland,CHE,2010,0.861852
Switzerland,CHE,2011,0.81540227
Switzerland,CHE,2012,0.7080509
Switzerland,CHE,2013,0.72297025
Switzerland,CHE,2014,0.7315865
Switzerland,CHE,2015,0.68414086
Switzerland,CHE,2016,0.7506675
Switzerland,CHE,2017,0.72679204
Switzerland,CHE,2018,0.7664377
Switzerland,CHE,2019,0.8791192
Switzerland,CHE,2020,0.60313827
Switzerland,CHE,2021,0.6972681
Switzerland,CHE,2022,0.8123653
Syria,SYR,1995,0.46678123
Syria,SYR,1996,0.44361305
Syria,SYR,1997,0.3875598
Syria,SYR,1998,0.5255081
Syria,SYR,1999,0.46292585
Syria,SYR,2000,0.543619
Syria,SYR,2001,0.6277205
Syria,SYR,2002,0.8066081
Syria,SYR,2003,0.6499875
Syria,SYR,2004,0.7888141
Syria,SYR,2005,0.78242767
Syria,SYR,2006,1.046759
Syria,SYR,2007,0.99094373
Syria,SYR,2008,1.033695
Syria,SYR,2009,1.1681688
Syria,SYR,2010,1.3653939
Tajikistan,TJK,1999,0.3902439
Tajikistan,TJK,2000,0.59375
Tajikistan,TJK,2001,1.2962962
Tanzania,TZA,1995,1.8152866
Tanzania,TZA,1996,2.1283784
Tanzania,TZA,2021,7.62562
Thailand,THA,1995,3.81978
Thailand,THA,1996,3.9262872
Thailand,THA,1997,4.3939757
Thailand,THA,1998,5.5545325
Thailand,THA,1999,5.2271905
Thailand,THA,2000,5.0178103
Thailand,THA,2001,5.038787
Thailand,THA,2002,4.8324447
Thailand,THA,2003,4.684944
Thailand,THA,2004,4.332595
Thailand,THA,2005,3.796193
Thailand,THA,2006,4.0869308
Thailand,THA,2007,3.5998008
Thailand,THA,2008,3.731832
Thailand,THA,2009,3.0410488
Thailand,THA,2010,2.9235003
Thailand,THA,2011,3.5630906
Thailand,THA,2012,3.907359
Thailand,THA,2013,4.4467335
Thailand,THA,2014,3.8500931
Thailand,THA,2015,4.4043274
Thailand,THA,2016,3.965139
Thailand,THA,2017,3.9709918
Thailand,THA,2018,3.8308249
Thailand,THA,2019,3.8211756
Thailand,THA,2020,3.9419696
Thailand,THA,2021,15.484848
Togo,TGO,2016,1.7696335
Togo,TGO,2017,2.3796296
Togo,TGO,2018,2.427966
Togo,TGO,2019,3.2565055
Trinidad and Tobago,TTO,1995,0.99616855
Trinidad and Tobago,TTO,1996,1.0725807
Trinidad and Tobago,TTO,2009,1.5518519
Trinidad and Tobago,TTO,2010,1.4212455
Tunisia,TUN,1995,2.3172104
Tunisia,TUN,1996,2.7205882
Tunisia,TUN,1997,3.0868936
Tunisia,TUN,1998,3.0917432
Tunisia,TUN,1999,3.264865
Tunisia,TUN,2000,3.0992646
Tunisia,TUN,2001,3.2276812
Tunisia,TUN,2002,2.6116555
Tunisia,TUN,2003,2.2489007
Tunisia,TUN,2004,2.5942907
Tunisia,TUN,2005,2.846051
Tunisia,TUN,2006,2.845352
Tunisia,TUN,2007,2.4651842
Tunisia,TUN,2008,2.2610648
Tunisia,TUN,2009,2.9725506
Tunisia,TUN,2010,3.4791112
Tunisia,TUN,2011,2.4950066
Tunisia,TUN,2012,2.4159474
Tunisia,TUN,2013,2.5589976
Tunisia,TUN,2014,2.7163444
Tunisia,TUN,2016,3.127869
Tunisia,TUN,2018,3.299801
Tunisia,TUN,2019,3.390507
Tunisia,TUN,2020,2.722598
Tunisia,TUN,2021,1.4159039
Tunisia,TUN,2022,1.9435728
Turkey,TUR,1995,1.7792011
Turkey,TUR,1996,1.8695142
Turkey,TUR,1997,1.9512196
Turkey,TUR,1998,1.9474027
Turkey,TUR,1999,1.448718
Turkey,TUR,2000,1.8141559
Turkey,TUR,2001,2.220552
Turkey,TUR,2002,2.4926915
Turkey,TUR,2003,2.2505062
Turkey,TUR,2004,2.3052473
Turkey,TUR,2005,2.4585254
Turkey,TUR,2006,2.2859213
Turkey,TUR,2007,5.270783
Turkey,TUR,2008,6.088698
Turkey,TUR,2009,5.4283404
Turkey,TUR,2010,4.783285
Turkey,TUR,2011,5.516396
Turkey,TUR,2012,6.1516457
Turkey,TUR,2013,5.021924
Turkey,TUR,2014,4.987597
Turkey,TUR,2015,4.5112557
Turkey,TUR,2016,3.837937
Turkey,TUR,2017,4.2310114
Turkey,TUR,2018,5.4596205
Turkey,TUR,2019,5.304321
Turkey,TUR,2020,7.0860453
Turkey,TUR,2021,10.92951
Turkey,TUR,2022,6.9427547
Turkmenistan,TKM,1995,10.380953
Turkmenistan,TKM,1996,7.4827585
Turkmenistan,TKM,1997,8.290322
Turkmenistan,TKM,1998,0.84033614
Turkmenistan,TKM,2000,0.043589745
Turkmenistan,TKM,2001,0.046846848
Turkmenistan,TKM,2002,0.13670886
Turkmenistan,TKM,2003,0.24117647
Turkmenistan,TKM,2004,0.4625
Turkmenistan,TKM,2005,0.35151514
Turkmenistan,TKM,2006,0.16969697
Turkmenistan,TKM,2007,0.21578947
Tuvalu,TUV,1998,0.5263158
Tuvalu,TUV,1999,0.5
Tuvalu,TUV,2000,0.37931034
Tuvalu,TUV,2001,0.39285713
Tuvalu,TUV,2002,0.4814815
Tuvalu,TUV,2003,0.53846157
Tuvalu,TUV,2004,0.5652174
Tuvalu,TUV,2005,0.5
Tuvalu,TUV,2006,0.55
Tuvalu,TUV,2007,0.45833334
Tuvalu,TUV,2011,0.5714286
Tuvalu,TUV,2018,0.7380952
Tuvalu,TUV,2019,0.78723407
Tuvalu,TUV,2020,0.4
Tuvalu,TUV,2021,0.08
Tuvalu,TUV,2022,0.17428571
Uganda,UGA,1997,1.1824324
Uganda,UGA,1998,0.80912864
Uganda,UGA,1999,0.57798165
Uganda,UGA,2000,1.2614379
Uganda,UGA,2001,1.3486842
Uganda,UGA,2002,1.3804348
Uganda,UGA,2003,1.6137567
Uganda,UGA,2004,2.2164502
Uganda,UGA,2005,2.4761906
Uganda,UGA,2006,2.1220472
Uganda,UGA,2007,2.360294
Uganda,UGA,2008,2.504451
Uganda,UGA,2009,2.5948553
Uganda,UGA,2010,2.919753
Uganda,UGA,2011,3.1362398
Uganda,UGA,2012,2.5522387
Uganda,UGA,2013,2.5605094
Uganda,UGA,2014,2.4774952
Uganda,UGA,2015,2.4913957
Uganda,UGA,2016,2.3292253
Uganda,UGA,2017,2.4902308
Uganda,UGA,2019,3.1618853
Uganda,UGA,2020,2.4010153
Uganda,UGA,2021,1.5498489
Uganda,UGA,2022,2.0528967
Ukraine,UKR,1995,0.56715506
Ukraine,UKR,1996,0.64190537
Ukraine,UKR,1997,0.7846761
Ukraine,UKR,1998,0.798662
Ukraine,UKR,1999,0.5719692
Ukraine,UKR,2000,0.47913873
Ukraine,UKR,2001,0.61781937
Ukraine,UKR,2002,0.71403354
Ukraine,UKR,2003,0.84582627
Ukraine,UKR,2004,1.0026302
Ukraine,UKR,2005,1.0715327
Ukraine,UKR,2006,1.1221334
Ukraine,UKR,2007,1.3338333
Ukraine,UKR,2008,1.641977
Ukraine,UKR,2009,1.3563323
Ukraine,UKR,2010,1.2341677
Ukraine,UKR,2011,1.0830425
Ukraine,UKR,2012,1.0737181
Ukraine,UKR,2013,1.038298
Ukraine,UKR,2014,0.56653893
Ukraine,UKR,2015,0.53703225
Ukraine,UKR,2016,0.54049784
Ukraine,UKR,2017,0.53826076
Ukraine,UKR,2018,0.5071375
Ukraine,UKR,2019,0.4653047
Ukraine,UKR,2020,0.28507897
Ukraine,UKR,2021,0.27682552
Ukraine,UKR,2022,0.14311117
United Arab Emirates,ARE,2015,0.9675418
United Arab Emirates,ARE,2016,0.9956646
United Arab Emirates,ARE,2017,1.0442362
United Arab Emirates,ARE,2018,1.0953723
United Arab Emirates,ARE,2019,1.172112
United Arab Emirates,ARE,2020,1.1401973
United Arab Emirates,ARE,2021,1.5815433
United States,USA,1995,0.8446524
United States,USA,1996,0.8771675
United States,USA,1997,0.8973868
United States,USA,1998,0.832681
United States,USA,1999,0.850879
United States,USA,2000,0.83548844
United States,USA,2001,0.78945863
United States,USA,2002,0.75054246
United States,USA,2003,0.7327644
United States,USA,2004,0.7456196
United States,USA,2005,0.77486104
United States,USA,2006,0.80073196
United States,USA,2007,0.8764384
United States,USA,2008,0.91130036
United States,USA,2009,0.88689846
United States,USA,2010,0.9827877
United States,USA,2011,1.0720906
United States,USA,2012,1.1032983
United States,USA,2013,1.1678877
United States,USA,2014,1.1055123
United States,USA,2015,1.0482877
United States,USA,2016,0.95243865
United States,USA,2017,0.88055426
United States,USA,2018,0.85621804
United States,USA,2019,0.79645574
United States,USA,2020,0.57350284
Uruguay,URY,1997,4.1209965
Uruguay,URY,1998,3.3073394
Uruguay,URY,1999,2.6645243
Uruguay,URY,2000,2.9505248
Uruguay,URY,2001,3.5630884
Uruguay,URY,2002,2.373585
Uruguay,URY,2003,2.868687
Uruguay,URY,2004,3.086116
Uruguay,URY,2005,2.7477205
Uruguay,URY,2006,2.626126
Uruguay,URY,2007,2.76063
Uruguay,URY,2008,2.640327
Uruguay,URY,2009,2.4878936
Uruguay,URY,2010,2.2911391
Uruguay,URY,2011,1.8624511
Uruguay,URY,2012,1.4840308
Uruguay,URY,2013,1.1762385
Uruguay,URY,2014,1.1193656
Uruguay,URY,2015,1.2507894
Uruguay,URY,2016,1.7708455
Uruguay,URY,2017,2.0536613
Uruguay,URY,2018,1.7817155
Uruguay,URY,2019,1.3910868
Vanuatu,VUT,1995,4
Vanuatu,VUT,1996,4.181818
Vanuatu,VUT,1997,4.5454545
Vanuatu,VUT,1998,4.3333335
Vanuatu,VUT,1999,4.25
Vanuatu,VUT,2000,4.8333335
Vanuatu,VUT,2001,4.818182
Vanuatu,VUT,2002,4.4545455
Vanuatu,VUT,2003,4.1666665
Vanuatu,VUT,2004,4.6923075
Vanuatu,VUT,2005,4.428571
Vanuatu,VUT,2006,4.5333333
Vanuatu,VUT,2007,5.0625
Vanuatu,VUT,2008,4.763158
Vanuatu,VUT,2009,5.035
Vanuatu,VUT,2010,4.6285715
Vanuatu,VUT,2011,4.2727275
Vanuatu,VUT,2012,4.7043476
Vanuatu,VUT,2013,4.230769
Vanuatu,VUT,2014,4.1923075
Vanuatu,VUT,2015,3.3333333
Vanuatu,VUT,2016,4.684729
Vanuatu,VUT,2017,4.152091
Vanuatu,VUT,2018,4.0704226
Vanuatu,VUT,2019,3.313187
Vanuatu,VUT,2020,2.3404255
Vanuatu,VUT,2022,1.6483517
Venezuela,VEN,1995,1.3108615
Venezuela,VEN,1996,1.485323
Venezuela,VEN,1997,1.7695652
Venezuela,VEN,1998,0.9109042
Venezuela,VEN,1999,0.77851456
Venezuela,VEN,2000,0.49161425
Venezuela,VEN,2001,0.6259378
Venezuela,VEN,2002,0.4903519
Venezuela,VEN,2003,0.40504807
Venezuela,VEN,2004,0.5955882
Venezuela,VEN,2005,0.66166824
Venezuela,VEN,2006,0.68310505
Venezuela,VEN,2007,0.5361702
Venezuela,VEN,2008,0.40057307
Venezuela,VEN,2009,0.34039977
Venezuela,VEN,2010,0.3561273
Venezuela,VEN,2011,0.34613147
Venezuela,VEN,2012,0.5697808
Venezuela,VEN,2013,0.51061624
Venezuela,VEN,2014,0.5393329
Venezuela,VEN,2015,0.5126706
Venezuela,VEN,2016,0.39281046
Venezuela,VEN,2017,0.39573678
Zimbabwe,ZWE,1995,5.3242188
Zimbabwe,ZWE,1996,22.855072
Zimbabwe,ZWE,1997,10.414634
Zimbabwe,ZWE,1998,9.323944
Zimbabwe,ZWE,1999,6.347432