Entity,Code,Year,Tourists
Algeria,DZA,1995,1090000
Algeria,DZA,1996,874000
Algeria,DZA,1997,827000
Algeria,DZA,1998,879000
Algeria,DZA,1999,903000
Algeria,DZA,2000,1006000
Algeria,DZA,2001,1190000
Algeria,DZA,2002,1257000
Algeria,DZA,2003,1254000
Algeria,DZA,2004,1417000
Algeria,DZA,2005,1513000
Algeria,DZA,2006,1349000
Algeria,DZA,2007,1499000
Algeria,DZA,2008,1539000
Algeria,DZA,2009,1677000
Algeria,DZA,2010,1757000
Algeria,DZA,2011,1715000
Algeria,DZA,2012,1911000
Algeria,DZA,2013,2136000
Algeria,DZA,2014,2839000
Algeria,DZA,2015,3638000
Algeria,DZA,2016,4530000
Algeria,DZA,2017,5058000
Algeria,DZA,2018,5610000
Algeria,DZA,2019,5732000
Algeria,DZA,2020,1386000
Algeria,DZA,2021,344000
Algeria,DZA,2022,2865000
Angola,AGO,1995,3000
Angola,AGO,1996,3000
Argentina,ARG,1995,3815000
Argentina,ARG,1996,4296000
Argentina,ARG,1997,4517000
Argentina,ARG,1998,4592000
Argentina,ARG,1999,4786000
Argentina,ARG,2000,4953000
Argentina,ARG,2001,4762000
Argentina,ARG,2002,3008000
Argentina,ARG,2003,3088000
Argentina,ARG,2004,3904000
Argentina,ARG,2005,3894000
Argentina,ARG,2006,3892000
Argentina,ARG,2007,4167000
Argentina,ARG,2008,4614000
Argentina,ARG,2009,4981000
Argentina,ARG,2010,5307000
Argentina,ARG,2011,6686000
Argentina,ARG,2012,7266000
Argentina,ARG,2013,6746000
Argentina,ARG,2014,6517000
Argentina,ARG,2015,7807000
Argentina,ARG,2016,10417000
Argentina,ARG,2017,12213000
Argentina,ARG,2018,11130000
Argentina,ARG,2019,9114000
Argentina,ARG,2020,2841000
Argentina,ARG,2021,833000
Argentina,ARG,2022,5142000
Armenia,ARM,2000,111000
Armenia,ARM,2001,110000
Armenia,ARM,2002,131000
Armenia,ARM,2003,169000
Armenia,ARM,2004,221000
Armenia,ARM,2005,269000
Armenia,ARM,2006,329000
Armenia,ARM,2007,468000
Armenia,ARM,2008,516000
Armenia,ARM,2009,526000
Armenia,ARM,2010,563000
Armenia,ARM,2011,715000
Armenia,ARM,2012,965000
Armenia,ARM,2013,1083000
Armenia,ARM,2014,1198000
Armenia,ARM,2015,1187000
Armenia,ARM,2016,1263000
Armenia,ARM,2017,1482000
Armenia,ARM,2018,1623000
Armenia,ARM,2019,1868000
Armenia,ARM,2020,346000
Armenia,ARM,2021,423000
Armenia,ARM,2022,1139000
Austria,AUT,2000,7528000
Austria,AUT,2001,8350000
Austria,AUT,2002,8266000
Austria,AUT,2003,8384000
Austria,AUT,2004,8371000
Austria,AUT,2005,8206000
Austria,AUT,2006,10042000
Austria,AUT,2007,9876000
Austria,AUT,2008,9677000
Austria,AUT,2009,10121000
Austria,AUT,2010,9882000
Austria,AUT,2011,9874000
Austria,AUT,2012,10960000
Austria,AUT,2013,10671000
Austria,AUT,2014,10994000
Austria,AUT,2015,10628000
Austria,AUT,2016,11534000
Austria,AUT,2017,11491000
Austria,AUT,2018,11043000
Austria,AUT,2019,11902000
Austria,AUT,2020,3964000
Austria,AUT,2021,7522000
Austria,AUT,2022,11871000
Azerbaijan,AZE,2005,887000
Azerbaijan,AZE,2006,890000
Azerbaijan,AZE,2007,791000
Azerbaijan,AZE,2008,1048000
Azerbaijan,AZE,2009,1145000
Azerbaijan,AZE,2010,1820000
Azerbaijan,AZE,2011,2308000
Azerbaijan,AZE,2012,2829000
Azerbaijan,AZE,2013,3307000
Azerbaijan,AZE,2014,3319000
Azerbaijan,AZE,2015,3256000
Azerbaijan,AZE,2016,3592000
Azerbaijan,AZE,2017,3447000
Azerbaijan,AZE,2018,3919000
Azerbaijan,AZE,2019,4579000
Azerbaijan,AZE,2022,1345000
Bahrain,BHR,2015,3676000
Bahrain,BHR,2016,1842000
Bahrain,BHR,2017,1744000
Bahrain,BHR,2018,1520000
Bahrain,BHR,2019,1550000
Bahrain,BHR,2020,464000
Bangladesh,BGD,1995,830000
Bangladesh,BGD,1996,911000
Bangladesh,BGD,1997,866000
Bangladesh,BGD,1998,992000
Bangladesh,BGD,1999,1103000
Bangladesh,BGD,2000,1128000
Bangladesh,BGD,2001,1075000
Bangladesh,BGD,2002,1158000
Bangladesh,BGD,2003,1414000
Bangladesh,BGD,2004,1565000
Bangladesh,BGD,2005,1767000
Bangladesh,BGD,2006,1819000
Bangladesh,BGD,2007,2327000
Bangladesh,BGD,2008,875000
Bangladesh,BGD,2009,2254000
Bangladesh,BGD,2010,1913000
Bangladesh,BGD,2011,2127000
Bangladesh,BGD,2012,2273000
Bangladesh,BGD,2013,1460000
Bangladesh,BGD,2019,1564000
Belarus,BLR,1997,969000
Belarus,BLR,1998,901000
Belarus,BLR,1999,934000
Belarus,BLR,2000,1289000
Belarus,BLR,2001,1387000
Belarus,BLR,2002,1436000
Belarus,BLR,2003,1108000
Belarus,BLR,2004,515000
Belarus,BLR,2005,572000
Belarus,BLR,2006,525000
Belarus,BLR,2007,517000
Belarus,BLR,2008,380000
Belarus,BLR,2009,316000
Belarus,BLR,2010,415000
Belarus,BLR,2011,320000
Belarus,BLR,2012,493000
Belarus,BLR,2013,708000
Belarus,BLR,2014,741000
Belarus,BLR,2015,671000
Belarus,BLR,2016,468000
Belarus,BLR,2017,706000
Belarus,BLR,2018,836000
Belarus,BLR,2019,963000
Belarus,BLR,2020,254000
Belarus,BLR,2021,477000
Belarus,BLR,2022,344000
Belgium,BEL,1996,5645000
Belgium,BEL,1997,7548000
Belgium,BEL,1998,7776000
Belgium,BEL,1999,6410000
Belgium,BEL,2000,7932000
Belgium,BEL,2001,6570000
Belgium,BEL,2002,6773000
Belgium,BEL,2003,7268000
Belgium,BEL,2004,8783000
Belgium,BEL,2005,9327000
Belgium,BEL,2006,7852000
Belgium,BEL,2007,8371000
Belgium,BEL,2008,8887000
Belgium,BEL,2009,8775000
Belgium,BEL,2010,8801000
Belgium,BEL,2011,9727000
Belgium,BEL,2012,9576000
Belgium,BEL,2013,10803000
Belgium,BEL,2014,10991000
Belgium,BEL,2015,10835000
Belgium,BEL,2016,13372000
Belgium,BEL,2017,14628000
Belgium,BEL,2018,15627000
Belgium,BEL,2019,17321000
Belgium,BEL,2020,7108000
Belgium,BEL,2021,8593000
Belgium,BEL,2022,16005000
Bermuda,BMU,2001,140000
Bermuda,BMU,2002,145000
Bermuda,BMU,2003,141000
Bermuda,BMU,2004,156000
Bermuda,BMU,2005,161000
Bermuda,BMU,2006,170000
Bermuda,BMU,2007,181000
Bermuda,BMU,2008,192000
Bhutan,BTN,2019,41000
Bolivia,BOL,1995,249000
Bolivia,BOL,1996,269000
Bolivia,BOL,1997,285000
Bolivia,BOL,1998,299000
Bolivia,BOL,1999,253000
Bolivia,BOL,2000,201000
Bolivia,BOL,2001,222000
Bolivia,BOL,2002,217000
Bolivia,BOL,2003,304000
Bolivia,BOL,2004,346000
Bolivia,BOL,2005,386000
Bolivia,BOL,2006,472000
Bolivia,BOL,2007,526000
Bolivia,BOL,2008,544000
Bolivia,BOL,2009,518000
Bolivia,BOL,2010,604000
Bolivia,BOL,2011,775000
Bolivia,BOL,2012,788000
Bolivia,BOL,2013,837000
Bolivia,BOL,2014,932000
Bolivia,BOL,2015,965000
Bolivia,BOL,2016,940000
Bolivia,BOL,2017,997000
Bolivia,BOL,2018,1060000
Bolivia,BOL,2019,1160000
Bolivia,BOL,2020,432000
Bolivia,BOL,2021,376000
Bolivia,BOL,2022,821000
Brazil,BRA,1995,2600000
Brazil,BRA,1996,3797000
Brazil,BRA,1997,4014000
Brazil,BRA,1998,4171000
Brazil,BRA,1999,2863000
Brazil,BRA,2000,3228000
Brazil,BRA,2001,2674000
Brazil,BRA,2002,2338000
Brazil,BRA,2003,3229000
Brazil,BRA,2004,2968000
Brazil,BRA,2005,3364000
Brazil,BRA,2006,3886000
Brazil,BRA,2007,4662000
Brazil,BRA,2008,5238000
Brazil,BRA,2009,4920000
Brazil,BRA,2010,6457000
Brazil,BRA,2011,7807000
Brazil,BRA,2012,8497000
Brazil,BRA,2013,8866000
Brazil,BRA,2014,9617000
Brazil,BRA,2015,9478000
Brazil,BRA,2016,8872000
Brazil,BRA,2017,10610000
Brazil,BRA,2018,10628000
British Virgin Islands,VGB,1995,79000
Bulgaria,BGR,1995,3524000
Bulgaria,BGR,1996,3006000
Bulgaria,BGR,1997,3059000
Bulgaria,BGR,1998,2592000
Bulgaria,BGR,1999,2376000
Bulgaria,BGR,2000,2337000
Bulgaria,BGR,2001,2730000
Bulgaria,BGR,2002,3188000
Bulgaria,BGR,2003,3403000
Bulgaria,BGR,2004,3882000
Bulgaria,BGR,2005,4235000
Bulgaria,BGR,2006,4180000
Bulgaria,BGR,2007,4515000
Bulgaria,BGR,2008,5727000
Bulgaria,BGR,2009,4993000
Bulgaria,BGR,2010,3676000
Bulgaria,BGR,2011,3803000
Bulgaria,BGR,2012,3758000
Bulgaria,BGR,2013,3054000
Bulgaria,BGR,2014,3221000
Bulgaria,BGR,2015,3434000
Bulgaria,BGR,2016,4712000
Bulgaria,BGR,2017,4883000
Bulgaria,BGR,2018,5768000
Bulgaria,BGR,2019,5823000
Bulgaria,BGR,2020,3325000
Bulgaria,BGR,2021,4094000
Bulgaria,BGR,2022,5664000
Burundi,BDI,1995,36000
Burundi,BDI,1996,35000
Burundi,BDI,1997,10000
Burundi,BDI,1998,16000
Burundi,BDI,1999,27000
Burundi,BDI,2000,28000
Burundi,BDI,2001,35000
Cambodia,KHM,1995,31000
Cambodia,KHM,1996,38000
Cambodia,KHM,1997,45000
Cambodia,KHM,1998,41000
Cambodia,KHM,1999,49000
Cambodia,KHM,2000,41000
Cambodia,KHM,2001,37000
Cambodia,KHM,2002,45000
Cambodia,KHM,2003,60000
Cambodia,KHM,2004,239000
Cambodia,KHM,2005,568000
Cambodia,KHM,2006,787000
Cambodia,KHM,2007,996000
Cambodia,KHM,2008,786000
Cambodia,KHM,2009,340000
Cambodia,KHM,2010,505000
Cambodia,KHM,2011,710000
Cambodia,KHM,2012,792000
Cambodia,KHM,2013,872000
Cambodia,KHM,2014,956000
Cambodia,KHM,2015,1194000
Cambodia,KHM,2016,1434000
Cambodia,KHM,2017,1752000
Cambodia,KHM,2018,1995000
Cambodia,KHM,2019,2038000
Cambodia,KHM,2020,326000
Cambodia,KHM,2021,30500
Cambodia,KHM,2022,970000
Canada,CAN,1995,18206000
Canada,CAN,1996,18973000
Canada,CAN,1997,19111000
Canada,CAN,1998,17648000
Canada,CAN,1999,18366000
Canada,CAN,2000,19183000
Canada,CAN,2001,18359000
Canada,CAN,2002,17705000
Canada,CAN,2003,17739000
Canada,CAN,2004,19596000
Canada,CAN,2005,21099000
Canada,CAN,2006,22731000
Canada,CAN,2007,25163000
Canada,CAN,2008,27034000
Canada,CAN,2009,26203000
Canada,CAN,2010,28893000
Canada,CAN,2011,30445000
Canada,CAN,2012,32267000
Canada,CAN,2013,32996000
Canada,CAN,2014,33526000
Canada,CAN,2015,32265000
Canada,CAN,2016,31278000
Canada,CAN,2017,32730000
Canada,CAN,2018,33440000
Canada,CAN,2019,33064000
Canada,CAN,2020,8971000
Canada,CAN,2021,4954000
Canada,CAN,2022,21400000
Central African Republic,CAF,2002,5000
Central African Republic,CAF,2003,6000
Central African Republic,CAF,2004,7000
Central African Republic,CAF,2005,8000
Central African Republic,CAF,2006,11000
Central African Republic,CAF,2010,38000
Chad,TCD,2000,27000
Chad,TCD,2001,40000
Chad,TCD,2002,23000
Chile,CHL,2000,1319000
Chile,CHL,2001,1180000
Chile,CHL,2002,1293000
Chile,CHL,2003,1341000
Chile,CHL,2004,1504000
Chile,CHL,2005,1725000
Chile,CHL,2006,1887000
Chile,CHL,2007,2047000
Chile,CHL,2008,1899500
Chile,CHL,2009,1909300
Chile,CHL,2010,2218700
Chile,CHL,2011,2637600
Chile,CHL,2012,2837100
Chile,CHL,2013,2999000
Chile,CHL,2014,3169000
Chile,CHL,2015,3359000
Chile,CHL,2016,3553000
Chile,CHL,2017,3620000
Chile,CHL,2018,3825000
Chile,CHL,2019,3346000
Chile,CHL,2020,963400
Chile,CHL,2021,513900.03
Chile,CHL,2022,2155000
China,CHN,1995,4520000
China,CHN,1996,5061000
China,CHN,1997,5324000
China,CHN,1998,8426000
China,CHN,1999,9232000
China,CHN,2000,10473000
China,CHN,2001,12133000
China,CHN,2002,16602000
China,CHN,2003,20222000
China,CHN,2004,28853000
China,CHN,2005,31026000
China,CHN,2006,34524000
China,CHN,2007,40954000
China,CHN,2008,45844000
China,CHN,2009,47656000
China,CHN,2010,57386000
China,CHN,2011,70250000
China,CHN,2012,83182000
China,CHN,2013,98185000
China,CHN,2014,116593000
China,CHN,2015,127860000
China,CHN,2016,135130000
China,CHN,2017,143035000
China,CHN,2018,149720000
China,CHN,2019,154632000
China,CHN,2020,20334000
Colombia,COL,1995,1057000
Colombia,COL,1996,929000
Colombia,COL,1997,1071000
Colombia,COL,1998,1093000
Colombia,COL,1999,1098000
Colombia,COL,2000,1235000
Colombia,COL,2001,1381000
Colombia,COL,2002,1277000
Colombia,COL,2003,1177000
Colombia,COL,2004,1405000
Colombia,COL,2005,1553000
Colombia,COL,2007,2028000
Colombia,COL,2008,2042000
Colombia,COL,2009,2122000
Colombia,COL,2010,2342000
Colombia,COL,2011,2522000
Colombia,COL,2012,3169000
Colombia,COL,2013,3605000
Colombia,COL,2014,3911000
Colombia,COL,2015,3862000
Colombia,COL,2016,3795000
Colombia,COL,2017,4017000
Colombia,COL,2018,4368000
Colombia,COL,2019,4479000
Colombia,COL,2020,1275000
Colombia,COL,2021,3004000
Colombia,COL,2022,4931000
Cook Islands,COK,1995,6000
Cook Islands,COK,1996,7000
Cook Islands,COK,1997,8000
Cook Islands,COK,1998,8000
Cook Islands,COK,1999,8000
Cook Islands,COK,2000,9000
Cook Islands,COK,2001,9000
Cook Islands,COK,2002,9000
Cook Islands,COK,2003,10000
Cook Islands,COK,2004,12000
Cook Islands,COK,2005,13000
Cook Islands,COK,2006,13000
Cook Islands,COK,2007,13000
Cook Islands,COK,2008,13000
Cook Islands,COK,2009,12000
Cook Islands,COK,2010,12000
Cook Islands,COK,2011,13000
Cook Islands,COK,2012,12000
Cook Islands,COK,2013,12000
Cook Islands,COK,2014,12000
Cook Islands,COK,2015,13000
Cook Islands,COK,2016,14000
Cook Islands,COK,2017,13300
Cook Islands,COK,2018,14000
Cook Islands,COK,2019,14000
Cook Islands,COK,2020,3700
Cook Islands,COK,2021,4700
Cook Islands,COK,2022,9000
Costa Rica,CRI,1995,273000
Costa Rica,CRI,1996,283000
Costa Rica,CRI,1997,288000
Costa Rica,CRI,1998,330000
Costa Rica,CRI,1999,353000
Costa Rica,CRI,2000,381000
Costa Rica,CRI,2001,361000
Costa Rica,CRI,2002,364000
Costa Rica,CRI,2003,373000
Costa Rica,CRI,2004,425000
Costa Rica,CRI,2005,487000
Costa Rica,CRI,2006,485000
Costa Rica,CRI,2007,577000
Costa Rica,CRI,2008,528000
Costa Rica,CRI,2009,579000
Costa Rica,CRI,2010,662000
Costa Rica,CRI,2011,717000
Costa Rica,CRI,2012,773000
Costa Rica,CRI,2013,790000
Costa Rica,CRI,2014,798000
Costa Rica,CRI,2015,919000
Costa Rica,CRI,2016,1036000
Costa Rica,CRI,2017,1150000
Costa Rica,CRI,2018,1079000
Costa Rica,CRI,2019,1153000
Costa Rica,CRI,2020,324000
Costa Rica,CRI,2021,588000
Costa Rica,CRI,2022,934000
Croatia,HRV,2008,2357000
Croatia,HRV,2009,2497000
Croatia,HRV,2010,1873000
Croatia,HRV,2011,2880000
Croatia,HRV,2012,2680000
Croatia,HRV,2013,2927000
Croatia,HRV,2014,2763000
Croatia,HRV,2015,2578000
Croatia,HRV,2016,1615000
Croatia,HRV,2017,1923000
Croatia,HRV,2018,2058000
Croatia,HRV,2019,2255000
Croatia,HRV,2020,493000
Croatia,HRV,2021,639000
Croatia,HRV,2022,1351000
Cuba,CUB,1995,72000
Cuba,CUB,1996,72000
Cuba,CUB,1997,83000
Cuba,CUB,1998,94000
Cuba,CUB,1999,97000
Cuba,CUB,2000,139000
Cuba,CUB,2001,121000
Cuba,CUB,2002,111000
Cuba,CUB,2003,113000
Cuba,CUB,2004,124000
Cuba,CUB,2005,162000
Cuba,CUB,2006,199000
Cuba,CUB,2007,194000
Cuba,CUB,2008,202000
Cuba,CUB,2009,206000
Cuba,CUB,2010,251000
Cuba,CUB,2011,253000
Cuba,CUB,2012,213000
Cuba,CUB,2013,286000
Cuba,CUB,2014,355000
Cuba,CUB,2015,580000
Cuba,CUB,2016,385000
Cuba,CUB,2017,459000
Cuba,CUB,2018,552000
Cuba,CUB,2019,650000
Cuba,CUB,2020,271000
Cuba,CUB,2021,244000
Cuba,CUB,2022,732000
Czechia,CZE,2003,7213000
Czechia,CZE,2004,6643000
Czechia,CZE,2005,6963000
Czechia,CZE,2006,6393000
Czechia,CZE,2007,9048000
Czechia,CZE,2008,9665000
Czechia,CZE,2009,8904000
Czechia,CZE,2010,8673000
Czechia,CZE,2011,5279000
Czechia,CZE,2012,5419000
Czechia,CZE,2013,5781000
Czechia,CZE,2014,5651000
Czechia,CZE,2015,5856000
Czechia,CZE,2016,6027000
Czechia,CZE,2017,6775000
Czechia,CZE,2018,7390000
Czechia,CZE,2019,7346000
Czechia,CZE,2020,2399000
Czechia,CZE,2021,1161000
Czechia,CZE,2022,5254000
Democratic Republic of Congo,COD,1998,50000
Democratic Republic of Congo,COD,1999,50000
Democratic Republic of Congo,COD,2015,356000
Democratic Republic of Congo,COD,2016,424000
Denmark,DNK,1996,5035000
Denmark,DNK,1997,4693000
Denmark,DNK,1998,4788000
Denmark,DNK,1999,4744000
Denmark,DNK,2000,5011000
Denmark,DNK,2001,4946000
Denmark,DNK,2002,4935000
Denmark,DNK,2003,5564000
Denmark,DNK,2004,4630000
Denmark,DNK,2005,5469000
Denmark,DNK,2006,6129000
Denmark,DNK,2007,6564000
Denmark,DNK,2008,6347000
Denmark,DNK,2009,7037000
Denmark,DNK,2010,7726000
Denmark,DNK,2011,7846000
Denmark,DNK,2012,7843000
Denmark,DNK,2013,6977000
Denmark,DNK,2014,8528000
Denmark,DNK,2015,8991000
Denmark,DNK,2016,9651000
Denmark,DNK,2017,8087000
Denmark,DNK,2018,7475000
Denmark,DNK,2019,9088000
Denmark,DNK,2020,4230000
Denmark,DNK,2021,3182000
Denmark,DNK,2022,6043000
Dominican Republic,DOM,1995,168000
Dominican Republic,DOM,1996,358000
Dominican Republic,DOM,1997,355000
Dominican Republic,DOM,1998,354000
Dominican Republic,DOM,1999,363000
Dominican Republic,DOM,2000,360000
Dominican Republic,DOM,2001,331000
Dominican Republic,DOM,2002,332000
Dominican Republic,DOM,2003,321000
Dominican Republic,DOM,2004,368000
Dominican Republic,DOM,2005,419000
Dominican Republic,DOM,2006,420000
Dominican Republic,DOM,2007,443000
Dominican Republic,DOM,2008,413000
Dominican Republic,DOM,2009,415000
Dominican Republic,DOM,2010,401000
Dominican Republic,DOM,2011,408000
Dominican Republic,DOM,2012,418000
Dominican Republic,DOM,2013,392000
Dominican Republic,DOM,2014,427000
Dominican Republic,DOM,2015,478000
Dominican Republic,DOM,2016,500000
Dominican Republic,DOM,2017,522000
Dominican Republic,DOM,2018,514000
Dominican Republic,DOM,2019,532000
Dominican Republic,DOM,2020,210000
Dominican Republic,DOM,2021,556000
Dominican Republic,DOM,2022,780000
Ecuador,ECU,1995,271000
Ecuador,ECU,1996,275000
Ecuador,ECU,1997,321000
Ecuador,ECU,1998,330000
Ecuador,ECU,1999,386000
Ecuador,ECU,2000,520000
Ecuador,ECU,2001,562000
Ecuador,ECU,2002,627000
Ecuador,ECU,2003,613000
Ecuador,ECU,2004,603000
Ecuador,ECU,2005,664000
Ecuador,ECU,2006,733000
Ecuador,ECU,2007,801000
Ecuador,ECU,2008,815000
Ecuador,ECU,2009,814000
Ecuador,ECU,2010,899000
Ecuador,ECU,2011,1022000
Ecuador,ECU,2012,1022000
Ecuador,ECU,2013,1138000
Ecuador,ECU,2014,1096000
Ecuador,ECU,2015,1221000
Ecuador,ECU,2016,1366000
Ecuador,ECU,2017,1347000
Ecuador,ECU,2018,1402000
Ecuador,ECU,2019,1515000
Ecuador,ECU,2020,508000
Ecuador,ECU,2021,868000
Ecuador,ECU,2022,1338000
Egypt,EGY,1995,2683000
Egypt,EGY,1996,2812000
Egypt,EGY,1997,2722000
Egypt,EGY,1998,2854000
Egypt,EGY,1999,2886000
Egypt,EGY,2000,2964000
Egypt,EGY,2001,3074000
Egypt,EGY,2002,3330000
Egypt,EGY,2003,3644000
Egypt,EGY,2004,5210000
Egypt,EGY,2005,5307000
Egypt,EGY,2006,4531000
El Salvador,SLV,2010,999000
El Salvador,SLV,2011,1160000
El Salvador,SLV,2012,1163000
El Salvador,SLV,2013,1166000
El Salvador,SLV,2014,1163000
El Salvador,SLV,2015,1250000
El Salvador,SLV,2016,1411000
El Salvador,SLV,2017,1394000
El Salvador,SLV,2018,1260000
El Salvador,SLV,2019,1331000
El Salvador,SLV,2020,384000
El Salvador,SLV,2021,801000
El Salvador,SLV,2022,1270000
Estonia,EST,1995,1764000
Estonia,EST,1996,1547000
Estonia,EST,1997,1616000
Estonia,EST,1998,1659000
Estonia,EST,1999,1780000
Estonia,EST,2000,1800000
Estonia,EST,2001,1658000
Estonia,EST,2002,1849000
Estonia,EST,2003,2075000
Estonia,EST,2006,438000
Estonia,EST,2007,677000
Estonia,EST,2008,692000
Estonia,EST,2009,752000
Estonia,EST,2010,955000
Estonia,EST,2011,1054000
Estonia,EST,2012,1147000
Estonia,EST,2013,1166000
Estonia,EST,2014,1426000
Estonia,EST,2015,1250000
Estonia,EST,2016,1339000
Estonia,EST,2017,1279000
Estonia,EST,2018,2069000
Estonia,EST,2019,1702000
Estonia,EST,2020,558000
Estonia,EST,2021,575000
Estonia,EST,2022,1090000
Eswatini,SWZ,2005,1082000
Eswatini,SWZ,2006,1072000
Eswatini,SWZ,2007,1130000
Eswatini,SWZ,2008,1177000
Eswatini,SWZ,2009,1245000
Eswatini,SWZ,2010,1141000
Eswatini,SWZ,2011,1264000
Eswatini,SWZ,2012,1403000
Eswatini,SWZ,2013,1573000
Eswatini,SWZ,2014,1657000
Eswatini,SWZ,2015,1713000
Eswatini,SWZ,2016,1789000
Eswatini,SWZ,2017,1751000
Eswatini,SWZ,2018,1717000
Eswatini,SWZ,2019,1721000
Eswatini,SWZ,2020,488000
Eswatini,SWZ,2021,295000
Eswatini,SWZ,2022,711000
Ethiopia,ETH,1995,120000
Ethiopia,ETH,1996,133000
Fiji,FJI,1995,68000
Fiji,FJI,1996,72000
Fiji,FJI,1997,74000
Fiji,FJI,1998,78000
Fiji,FJI,1999,89000
Fiji,FJI,2000,83000
Fiji,FJI,2001,85000
Fiji,FJI,2002,99000
Fiji,FJI,2003,104000
Fiji,FJI,2004,94000
Fiji,FJI,2005,109000
Fiji,FJI,2006,121000
Fiji,FJI,2007,120000
Fiji,FJI,2008,124000
Fiji,FJI,2009,125000
Fiji,FJI,2010,128000
Fiji,FJI,2011,132000
Fiji,FJI,2012,132000
Fiji,FJI,2016,156000
Fiji,FJI,2017,169000
Fiji,FJI,2018,174000
Fiji,FJI,2019,174000
Fiji,FJI,2020,40000
Fiji,FJI,2021,14000
Fiji,FJI,2022,109000
Finland,FIN,1995,5147000
Finland,FIN,1996,4918000
Finland,FIN,1997,5233000
Finland,FIN,1998,4743000
Finland,FIN,1999,5314000
Finland,FIN,2000,5914000
Finland,FIN,2001,5824000
Finland,FIN,2002,5857000
Finland,FIN,2003,5585000
Finland,FIN,2004,5798000
Finland,FIN,2005,5902000
Finland,FIN,2006,5756000
Finland,FIN,2007,5749000
Finland,FIN,2008,5854000
Finland,FIN,2009,5832000
Finland,FIN,2010,6633000
Finland,FIN,2011,7274000
Finland,FIN,2012,9055000
Finland,FIN,2013,8562000
Finland,FIN,2014,8731000
Finland,FIN,2015,8904000
Finland,FIN,2016,9125000
Finland,FIN,2017,9330000
Finland,FIN,2018,9450000
Finland,FIN,2019,9410000
Finland,FIN,2020,2330000
Finland,FIN,2021,1810000
Finland,FIN,2022,6180000
France,FRA,1995,18686000
France,FRA,1996,18151000
France,FRA,1997,17115000
France,FRA,1998,18077000
France,FRA,1999,16709000
France,FRA,2000,19886000
France,FRA,2001,19265000
France,FRA,2002,18315000
France,FRA,2003,18576000
France,FRA,2004,21131000
France,FRA,2005,22480000
France,FRA,2006,22240000
France,FRA,2007,28103000
France,FRA,2008,25506000
France,FRA,2009,25140000
France,FRA,2010,25041000
France,FRA,2011,26155000
France,FRA,2012,25317000
France,FRA,2013,26062000
France,FRA,2014,27919000
France,FRA,2015,26648000
France,FRA,2016,26483000
France,FRA,2017,29055000
France,FRA,2018,30509000
France,FRA,2019,30407000
France,FRA,2020,11937000
France,FRA,2021,13681000
France,FRA,2022,28085000
French Polynesia,PYF,1995,63000
French Polynesia,PYF,1996,65000
French Polynesia,PYF,2009,88000
French Polynesia,PYF,2010,89000
French Polynesia,PYF,2011,84000
French Polynesia,PYF,2012,83000
French Polynesia,PYF,2014,48000
French Polynesia,PYF,2015,55000
French Polynesia,PYF,2016,48000
French Polynesia,PYF,2017,55000
French Polynesia,PYF,2018,47000
French Polynesia,PYF,2019,63000
French Polynesia,PYF,2020,12000
Gabon,GAB,1998,203000
Gabon,GAB,1999,187000
Gabon,GAB,2000,168000
Gabon,GAB,2001,189000
Gabon,GAB,2002,219000
Gabon,GAB,2003,236000
Gambia,GMB,2005,387000
Gambia,GMB,2006,307000
Georgia,GEO,1995,228000
Georgia,GEO,1996,219000
Georgia,GEO,1997,355000
Georgia,GEO,1998,433000
Georgia,GEO,1999,373000
Georgia,GEO,2000,315000
Georgia,GEO,2001,306000
Georgia,GEO,2002,317000
Georgia,GEO,2004,466000
Georgia,GEO,2005,857000
Georgia,GEO,2006,1346000
Georgia,GEO,2007,1473000
Georgia,GEO,2008,1872000
Georgia,GEO,2009,1980000
Georgia,GEO,2010,2086000
Georgia,GEO,2011,2237000
Georgia,GEO,2012,2734000
Georgia,GEO,2013,3220000
Georgia,GEO,2014,3106000
Georgia,GEO,2015,3136000
Georgia,GEO,2016,3400000
Georgia,GEO,2017,3851000
Georgia,GEO,2018,3698000
Georgia,GEO,2019,3780000
Germany,DEU,1997,55800000
Germany,DEU,1998,69200000
Germany,DEU,1999,78100000
Germany,DEU,2000,80507000
Germany,DEU,2001,81551000
Germany,DEU,2002,80393000
Germany,DEU,2003,85345000
Germany,DEU,2004,84859000
Germany,DEU,2005,86622000
Germany,DEU,2006,81801000
Germany,DEU,2007,82099000
Germany,DEU,2008,86201000
Germany,DEU,2009,85547000
Germany,DEU,2010,85872000
Germany,DEU,2011,84692000
Germany,DEU,2012,82729000
Germany,DEU,2013,87459000
Germany,DEU,2014,83008000
Germany,DEU,2015,83737000
Germany,DEU,2016,90966000
Germany,DEU,2017,92402000
Germany,DEU,2018,108542000
Germany,DEU,2019,99533000
Germany,DEU,2020,36867000
Germany,DEU,2021,48667000
Germany,DEU,2022,86623000
Ghana,GHA,2015,157600
Ghana,GHA,2016,168300
Ghana,GHA,2017,192400
Ghana,GHA,2018,192400
Ghana,GHA,2019,222100
Ghana,GHA,2020,159800
Greece,GRC,2008,3765000
Greece,GRC,2009,3835000
Greece,GRC,2010,3799000
Greece,GRC,2011,4941000
Greece,GRC,2012,4681000
Greece,GRC,2013,4594000
Greece,GRC,2014,5802000
Greece,GRC,2015,6291000
Greece,GRC,2016,7235000
Greece,GRC,2017,7685000
Greece,GRC,2018,7961000
Greece,GRC,2019,7848000
Greece,GRC,2020,2324000
Greece,GRC,2021,2026000
Greece,GRC,2022,5094000
Guatemala,GTM,2009,562000
Guatemala,GTM,2010,585000
Guatemala,GTM,2011,596000
Guatemala,GTM,2012,580000
Guatemala,GTM,2013,686000
Guatemala,GTM,2014,840000
Guatemala,GTM,2015,939000
Guatemala,GTM,2016,1053000
Guatemala,GTM,2017,1065250
Guatemala,GTM,2018,1229000
Guatemala,GTM,2019,1298600
Guatemala,GTM,2020,401500
Guatemala,GTM,2021,414400
Guatemala,GTM,2022,1184900
Honduras,HND,1995,149000
Honduras,HND,1996,162000
Honduras,HND,1997,183000
Honduras,HND,1998,202000
Honduras,HND,1999,235000
Honduras,HND,2000,274000
Honduras,HND,2001,279000
Honduras,HND,2002,279000
Honduras,HND,2003,277000
Honduras,HND,2004,295000
Honduras,HND,2005,284000
Honduras,HND,2006,295000
Honduras,HND,2007,315000
Honduras,HND,2008,387000
Honduras,HND,2009,395000
Honduras,HND,2010,408000
Honduras,HND,2011,449000
Honduras,HND,2012,464000
Honduras,HND,2013,471000
Honduras,HND,2014,557000
Honduras,HND,2015,692000
Honduras,HND,2016,664000
Honduras,HND,2017,485000
Honduras,HND,2018,501000
Hungary,HUN,2005,6994000
Hungary,HUN,2006,6007000
Hungary,HUN,2007,5734000
Hungary,HUN,2008,6155000
Hungary,HUN,2009,5672000
Hungary,HUN,2010,5297000
Hungary,HUN,2011,5335000
Hungary,HUN,2012,4881000
Hungary,HUN,2013,4912000
Hungary,HUN,2014,5587000
Hungary,HUN,2015,6382000
Hungary,HUN,2016,7091000
Hungary,HUN,2017,7539000
Hungary,HUN,2018,8649000
Hungary,HUN,2019,9373000
Hungary,HUN,2020,3908000
Hungary,HUN,2021,4358000
Hungary,HUN,2022,7167000
Iceland,ISL,1995,166000
Iceland,ISL,1996,190000
Iceland,ISL,1997,203000
Iceland,ISL,1998,227000
Iceland,ISL,1999,257000
Iceland,ISL,2000,283000
Iceland,ISL,2005,364000
Iceland,ISL,2006,440000
Iceland,ISL,2007,460000
Iceland,ISL,2008,414000
Iceland,ISL,2009,259000
Iceland,ISL,2010,299000
Iceland,ISL,2011,341000
Iceland,ISL,2012,358000
Iceland,ISL,2013,365000
Iceland,ISL,2014,400000
Iceland,ISL,2015,450000
Iceland,ISL,2016,536000
Iceland,ISL,2017,619000
Iceland,ISL,2018,668000
Iceland,ISL,2019,611000
Iceland,ISL,2020,130000
Iceland,ISL,2021,219000
India,IND,1995,3056000
India,IND,1996,3464000
India,IND,1997,3726000
India,IND,1998,3811000
India,IND,1999,4115000
India,IND,2000,4416000
India,IND,2001,4564000
India,IND,2002,4940000
India,IND,2003,5351000
India,IND,2004,6213000
India,IND,2005,7185000
India,IND,2006,8340000
India,IND,2007,9783000
India,IND,2008,10868000
India,IND,2009,11067000
India,IND,2010,12988000
India,IND,2011,13994000
India,IND,2012,14920000
India,IND,2013,16626000
India,IND,2014,18330000
India,IND,2015,20376000
India,IND,2016,21872000
India,IND,2019,26689000
India,IND,2020,7117000
India,IND,2021,8397000
Indonesia,IDN,2021,503000
Indonesia,IDN,2022,3379000
Iran,IRN,1995,1000000
Iran,IRN,1996,1218000
Iran,IRN,1997,1433000
Iran,IRN,1998,1690000
Iran,IRN,1999,1856000
Iran,IRN,2000,2286000
Iran,IRN,2001,2400000
Iran,IRN,2002,2921000
Iran,IRN,2021,2402000
Israel,ISR,1995,2259000
Israel,ISR,1996,2505000
Israel,ISR,1997,2707000
Israel,ISR,1998,2983000
Israel,ISR,1999,3203000
Israel,ISR,2000,3530000
Israel,ISR,2001,3561000
Israel,ISR,2002,3273000
Israel,ISR,2003,3299000
Israel,ISR,2004,3614000
Israel,ISR,2005,3687000
Israel,ISR,2006,3713000
Israel,ISR,2007,4147000
Israel,ISR,2008,4207000
Israel,ISR,2009,4007000
Israel,ISR,2010,4269000
Israel,ISR,2011,4387000
Israel,ISR,2012,4349000
Israel,ISR,2013,4757000
Israel,ISR,2014,5181000
Israel,ISR,2015,5891000
Israel,ISR,2016,6781000
Israel,ISR,2017,7597000
Israel,ISR,2018,8473000
Israel,ISR,2019,9179000
Israel,ISR,2020,1544000
Israel,ISR,2021,3022000
Israel,ISR,2022,8432000
Italy,ITA,1996,18173000
Italy,ITA,1997,17254000
Italy,ITA,1998,17698000
Italy,ITA,1999,17361000
Italy,ITA,2000,20080000
Italy,ITA,2001,20567000
Italy,ITA,2002,22978000
Italy,ITA,2003,24572000
Italy,ITA,2004,21557000
Italy,ITA,2005,23147000
Italy,ITA,2006,24022000
Italy,ITA,2007,25789000
Italy,ITA,2008,26464000
Italy,ITA,2009,27490000
Italy,ITA,2010,28188000
Italy,ITA,2011,27831000
Italy,ITA,2012,27376000
Italy,ITA,2013,26305000
Italy,ITA,2014,26862000
Italy,ITA,2015,27494000
Italy,ITA,2016,29067000
Italy,ITA,2017,31805000
Italy,ITA,2018,33347102
Italy,ITA,2019,34703000
Italy,ITA,2020,11959500
Italy,ITA,2021,12354000
Italy,ITA,2022,24970000
Jordan,JOR,1995,1128000
Jordan,JOR,1996,1141000
Jordan,JOR,1997,1233000
Jordan,JOR,1998,1347000
Jordan,JOR,1999,1561000
Jordan,JOR,2000,1625000
Jordan,JOR,2001,1755000
Jordan,JOR,2002,1276000
Jordan,JOR,2003,1229000
Jordan,JOR,2004,1420000
Jordan,JOR,2005,1523000
Jordan,JOR,2006,2139000
Jordan,JOR,2007,2094000
Jordan,JOR,2008,1972000
Jordan,JOR,2009,2054000
Jordan,JOR,2010,2708000
Jordan,JOR,2011,1931000
Jordan,JOR,2012,1567000
Jordan,JOR,2013,1498000
Jordan,JOR,2014,1230000
Jordan,JOR,2016,1511000
Jordan,JOR,2017,1592000
Jordan,JOR,2018,1501000
Jordan,JOR,2019,1537000
Jordan,JOR,2020,406000
Jordan,JOR,2021,846000
Jordan,JOR,2022,1399000
Kazakhstan,KAZ,1996,523000
Kazakhstan,KAZ,1997,419000
Kazakhstan,KAZ,1998,502000
Kazakhstan,KAZ,1999,398000
Kazakhstan,KAZ,2000,1247000
Kazakhstan,KAZ,2001,2294000
Kazakhstan,KAZ,2002,2274000
Kazakhstan,KAZ,2003,2374000
Kazakhstan,KAZ,2004,3915000
Kazakhstan,KAZ,2005,2975000
Kazakhstan,KAZ,2006,3615000
Kazakhstan,KAZ,2007,4449000
Kazakhstan,KAZ,2008,4239000
Kazakhstan,KAZ,2009,5309000
Kazakhstan,KAZ,2010,5893000
Kazakhstan,KAZ,2011,7852000
Kazakhstan,KAZ,2012,8875000
Kazakhstan,KAZ,2013,9931000
Kazakhstan,KAZ,2014,10230000
Kuwait,KWT,1995,878000
Kuwait,KWT,1996,1051000
Kuwait,KWT,1997,1097000
Kuwait,KWT,1998,1264000
Kuwait,KWT,1999,1209000
Kuwait,KWT,2000,1236000
Kuwait,KWT,2001,1666000
Kuwait,KWT,2002,1725000
Kuwait,KWT,2003,1774000
Kuwait,KWT,2004,1928000
Kuwait,KWT,2005,2173000
Kuwait,KWT,2006,2529000
Kuwait,KWT,2007,2649000
Kyrgyzstan,KGZ,1995,42000
Kyrgyzstan,KGZ,1998,33000
Kyrgyzstan,KGZ,1999,45000
Kyrgyzstan,KGZ,2000,47000
Kyrgyzstan,KGZ,2001,46000
Kyrgyzstan,KGZ,2002,59000
Kyrgyzstan,KGZ,2003,116000
Kyrgyzstan,KGZ,2004,239000
Kyrgyzstan,KGZ,2005,201000
Kyrgyzstan,KGZ,2006,454000
Kyrgyzstan,KGZ,2007,559000
Latvia,LVA,2009,1573000
Latvia,LVA,2010,1650000
Latvia,LVA,2011,1530000
Latvia,LVA,2012,1398000
Latvia,LVA,2013,1246000
Latvia,LVA,2014,1362000
Latvia,LVA,2015,1242000
Latvia,LVA,2016,1250000
Latvia,LVA,2017,1265000
Latvia,LVA,2018,1368000
Latvia,LVA,2019,1480000
Latvia,LVA,2020,432000
Latvia,LVA,2021,512000
Latvia,LVA,2022,1303000
Libya,LBY,1995,484000
Libya,LBY,1996,493000
Libya,LBY,1997,650000
Lithuania,LTU,1995,1925000
Lithuania,LTU,1996,2864000
Lithuania,LTU,1997,2981000
Lithuania,LTU,1998,3241000
Lithuania,LTU,1999,3487000
Lithuania,LTU,2000,3632000
Lithuania,LTU,2001,3390000
Lithuania,LTU,2002,3584000
Lithuania,LTU,2003,3502000
Lithuania,LTU,2005,1633000
Lithuania,LTU,2006,1789000
Lithuania,LTU,2007,1661000
Lithuania,LTU,2008,1757000
Lithuania,LTU,2009,1288000
Lithuania,LTU,2010,1411000
Lithuania,LTU,2011,1526000
Lithuania,LTU,2012,1708000
Lithuania,LTU,2013,1764000
Lithuania,LTU,2014,1789000
Lithuania,LTU,2015,1860000
Lithuania,LTU,2016,1953000
Lithuania,LTU,2017,2032000
Lithuania,LTU,2018,2244000
Lithuania,LTU,2019,2347000
Lithuania,LTU,2020,682000
Lithuania,LTU,2021,830200
Lithuania,LTU,2022,1919000
Luxembourg,LUX,1997,694000
Luxembourg,LUX,1998,757000
Luxembourg,LUX,1999,809000
Luxembourg,LUX,2000,950000
Luxembourg,LUX,2001,923000
Luxembourg,LUX,2002,1049000
Luxembourg,LUX,2003,1021000
Luxembourg,LUX,2004,1100000
Luxembourg,LUX,2005,1185000
Luxembourg,LUX,2006,1084000
Luxembourg,LUX,2007,1132000
Luxembourg,LUX,2008,1190000
Luxembourg,LUX,2009,1362000
Luxembourg,LUX,2010,1237000
Luxembourg,LUX,2011,1643000
Luxembourg,LUX,2012,1580000
Luxembourg,LUX,2013,1624000
Luxembourg,LUX,2014,1815000
Luxembourg,LUX,2015,1702000
Luxembourg,LUX,2016,1588000
Luxembourg,LUX,2017,2346000
Luxembourg,LUX,2018,2510000
Luxembourg,LUX,2019,2548000
Luxembourg,LUX,2020,1460000
Luxembourg,LUX,2021,1814000
Luxembourg,LUX,2022,2819000
Madagascar,MDG,1995,39000
Malawi,MWI,2019,120000
Maldives,MDV,1995,32000
Maldives,MDV,1996,32000
Maldives,MDV,1997,33000
Maldives,MDV,1998,37000
Maldives,MDV,1999,42000
Maldives,MDV,2000,42000
Maldives,MDV,2001,41000
Maldives,MDV,2002,43000
Maldives,MDV,2003,44000
Maldives,MDV,2004,61000
Maldives,MDV,2005,77000
Maldives,MDV,2006,74000
Maldives,MDV,2007,102000
Maldives,MDV,2008,123000
Malta,MLT,1995,163000
Malta,MLT,1996,168000
Malta,MLT,1997,172000
Malta,MLT,1998,167000
Malta,MLT,1999,179000
Malta,MLT,2000,200000
Malta,MLT,2001,179000
Malta,MLT,2002,157000
Malta,MLT,2003,174000
Malta,MLT,2004,203000
Malta,MLT,2005,225000
Malta,MLT,2006,257000
Malta,MLT,2007,280000
Malta,MLT,2008,261000
Malta,MLT,2009,264000
Malta,MLT,2010,294000
Malta,MLT,2011,309000
Malta,MLT,2012,331000
Malta,MLT,2013,363000
Malta,MLT,2014,391000
Malta,MLT,2015,428000
Malta,MLT,2016,497000
Malta,MLT,2017,573000
Malta,MLT,2018,667000
Malta,MLT,2019,707000
Malta,MLT,2020,197000
Malta,MLT,2021,303000
Malta,MLT,2022,601700
Mauritius,MUS,1995,107000
Mauritius,MUS,1996,120000
Mauritius,MUS,1997,132000
Mauritius,MUS,1998,143000
Mauritius,MUS,1999,154000
Mauritius,MUS,2000,163000
Mauritius,MUS,2001,161000
Mauritius,MUS,2002,162000
Mauritius,MUS,2003,161000
Mauritius,MUS,2004,180000
Mauritius,MUS,2005,183000
Mauritius,MUS,2006,186000
Mauritius,MUS,2007,213000
Mauritius,MUS,2008,226000
Mauritius,MUS,2009,196000
Mauritius,MUS,2010,212000
Mauritius,MUS,2011,219000
Mauritius,MUS,2012,237000
Mauritius,MUS,2013,228000
Mauritius,MUS,2014,223000
Mauritius,MUS,2015,242000
Mauritius,MUS,2016,260000
Mauritius,MUS,2017,283000
Mauritius,MUS,2018,296000
Mauritius,MUS,2019,320000
Mauritius,MUS,2020,65000
Mauritius,MUS,2021,42000
Mauritius,MUS,2022,229300
Mexico,MEX,1995,8450000
Mexico,MEX,1996,9001000
Mexico,MEX,1997,8910000
Mexico,MEX,1998,9637000
Mexico,MEX,1999,10352000
Mexico,MEX,2000,11079000
Mexico,MEX,2001,12075000
Mexico,MEX,2002,11948000
Mexico,MEX,2003,11044000
Mexico,MEX,2004,12494000
Mexico,MEX,2005,13305000
Mexico,MEX,2006,14002000
Mexico,MEX,2007,15257000
Mexico,MEX,2008,14527000
Mexico,MEX,2009,14104000
Mexico,MEX,2010,14334000
Mexico,MEX,2011,14799000
Mexico,MEX,2012,15581000
Mexico,MEX,2013,15911000
Mexico,MEX,2014,18261000
Mexico,MEX,2015,19603000
Mexico,MEX,2016,20223000
Mexico,MEX,2017,19067000
Mexico,MEX,2018,19748000
Mexico,MEX,2019,19810000
Mexico,MEX,2020,7345000
Mexico,MEX,2021,11685000
Mexico,MEX,2022,13750000
Moldova,MDA,1995,71000
Moldova,MDA,1996,54000
Moldova,MDA,1997,35000
Moldova,MDA,1998,28000
Moldova,MDA,1999,37000
Moldova,MDA,2000,32000
Moldova,MDA,2001,30000
Moldova,MDA,2002,52000
Moldova,MDA,2003,67000
Moldova,MDA,2004,68000
Moldova,MDA,2005,57000
Moldova,MDA,2006,68000
Moldova,MDA,2007,82000
Moldova,MDA,2008,85000
Moldova,MDA,2009,93000
Moldova,MDA,2010,116900
Moldova,MDA,2011,135900
Moldova,MDA,2012,146400
Moldova,MDA,2013,157300
Moldova,MDA,2014,179500
Moldova,MDA,2015,185700
Moldova,MDA,2016,170000
Moldova,MDA,2017,216000
Moldova,MDA,2018,251000
Moldova,MDA,2019,289000
Moldova,MDA,2020,73000
Moldova,MDA,2021,216600
Moldova,MDA,2022,317200
Morocco,MAR,1995,1317000
Morocco,MAR,1996,1212000
Morocco,MAR,1997,1203000
Morocco,MAR,1998,1275000
Morocco,MAR,1999,1545000
Morocco,MAR,2000,1508000
Morocco,MAR,2001,1701000
Morocco,MAR,2002,1533000
Morocco,MAR,2003,1612000
Morocco,MAR,2004,1603000
Morocco,MAR,2005,2247000
Morocco,MAR,2006,2135000
Morocco,MAR,2007,2669000
Morocco,MAR,2008,3421000
Morocco,MAR,2009,2293000
Morocco,MAR,2010,2175000
Morocco,MAR,2011,2378000
Morocco,MAR,2012,2323000
Morocco,MAR,2013,2195000
Morocco,MAR,2014,1850000
Morocco,MAR,2015,1910000
Morocco,MAR,2016,1864000
Morocco,MAR,2017,1849000
Morocco,MAR,2018,1923000
Morocco,MAR,2019,2009000
Morocco,MAR,2020,646000
Morocco,MAR,2021,869000
Morocco,MAR,2022,2020000
Nepal,NPL,1995,100000
Nepal,NPL,1996,119000
Nepal,NPL,1997,132000
Nepal,NPL,1998,122000
Nepal,NPL,1999,125000
Nepal,NPL,2000,155000
Nepal,NPL,2001,200000
Nepal,NPL,2002,238000
Nepal,NPL,2003,258000
Nepal,NPL,2004,286000
Nepal,NPL,2005,373000
Nepal,NPL,2006,415000
Nepal,NPL,2007,469000
Nepal,NPL,2008,561000
Nepal,NPL,2009,589000
Nepal,NPL,2010,765000
Nepal,NPL,2011,774000
Nepal,NPL,2012,862000
Nepal,NPL,2013,983000
Nepal,NPL,2017,1197000
Netherlands,NLD,1995,12313000
Netherlands,NLD,1996,12807000
Netherlands,NLD,1997,12858000
Netherlands,NLD,1998,13553000
Netherlands,NLD,1999,14184000
Netherlands,NLD,2000,13896000
Netherlands,NLD,2001,14214000
Netherlands,NLD,2002,16719000
Netherlands,NLD,2003,16425000
Netherlands,NLD,2004,17130000
Netherlands,NLD,2005,17039000
Netherlands,NLD,2006,16695000
Netherlands,NLD,2007,17523000
Netherlands,NLD,2008,18399000
Netherlands,NLD,2009,18340000
Netherlands,NLD,2010,18368000
Netherlands,NLD,2011,18560000
Netherlands,NLD,2012,18628000
Netherlands,NLD,2013,18094000
Netherlands,NLD,2014,17928000
Netherlands,NLD,2015,17535000
Netherlands,NLD,2016,18152000
Netherlands,NLD,2017,20763000
Netherlands,NLD,2018,20981000
Netherlands,NLD,2019,22045000
Netherlands,NLD,2020,7667000
Netherlands,NLD,2021,11601000
Netherlands,NLD,2022,23146000
New Caledonia,NCL,1995,59000
New Caledonia,NCL,1996,64000
New Caledonia,NCL,1997,63000
New Caledonia,NCL,1998,68000
New Caledonia,NCL,1999,69000
New Caledonia,NCL,2000,69000
New Caledonia,NCL,2001,68000
New Caledonia,NCL,2002,72000
New Caledonia,NCL,2003,78000
New Caledonia,NCL,2004,89000
New Caledonia,NCL,2005,96000
New Caledonia,NCL,2006,100000
New Caledonia,NCL,2007,106000
New Caledonia,NCL,2008,112000
New Caledonia,NCL,2009,119000
New Caledonia,NCL,2010,132000
New Caledonia,NCL,2011,124000
New Caledonia,NCL,2012,121000
New Caledonia,NCL,2013,121000
New Caledonia,NCL,2014,124000
New Caledonia,NCL,2015,127000
New Caledonia,NCL,2016,134000
New Caledonia,NCL,2017,135000
New Caledonia,NCL,2018,139000
New Caledonia,NCL,2019,310000
New Caledonia,NCL,2020,104000
New Caledonia,NCL,2021,18000
New Caledonia,NCL,2022,159000
New Zealand,NZL,1995,920000
New Zealand,NZL,1996,1093000
New Zealand,NZL,1997,1132000
New Zealand,NZL,1998,1166000
New Zealand,NZL,1999,1185000
New Zealand,NZL,2000,1283000
New Zealand,NZL,2001,1287000
New Zealand,NZL,2002,1293000
New Zealand,NZL,2003,1374000
New Zealand,NZL,2004,1733000
New Zealand,NZL,2005,1872000
New Zealand,NZL,2006,1861000
New Zealand,NZL,2007,1978000
New Zealand,NZL,2008,1967000
New Zealand,NZL,2009,1918000
New Zealand,NZL,2010,2026000
New Zealand,NZL,2011,2096000
New Zealand,NZL,2012,2172000
New Zealand,NZL,2013,2197000
New Zealand,NZL,2014,2276000
New Zealand,NZL,2015,2412000
New Zealand,NZL,2016,2611000
New Zealand,NZL,2017,2853000
New Zealand,NZL,2018,3038000
New Zealand,NZL,2019,3225000
New Zealand,NZL,2020,511000
New Zealand,NZL,2021,234000
New Zealand,NZL,2022,1629000
Nicaragua,NIC,1995,255000
Nicaragua,NIC,1996,282000
Nicaragua,NIC,1997,330000
Nicaragua,NIC,1998,422000
Nicaragua,NIC,1999,452000
Nicaragua,NIC,2000,486000
Nicaragua,NIC,2001,499000
Nicaragua,NIC,2002,532000
Nicaragua,NIC,2003,562000
Nicaragua,NIC,2004,701000
Nicaragua,NIC,2005,740000
Nicaragua,NIC,2006,773000
Nicaragua,NIC,2007,949000
Nicaragua,NIC,2008,942000
Nicaragua,NIC,2009,858000
Nicaragua,NIC,2010,908000
Nicaragua,NIC,2011,912000
Nicaragua,NIC,2012,979000
Nicaragua,NIC,2013,994000
Nicaragua,NIC,2014,959000
Nicaragua,NIC,2015,925000
Nicaragua,NIC,2016,981000
Nicaragua,NIC,2017,982000
Nicaragua,NIC,2018,974000
Nicaragua,NIC,2019,949000
Nicaragua,NIC,2020,325000
Nicaragua,NIC,2021,372000
Nicaragua,NIC,2022,699000
Niger,NER,1995,10000
Niger,NER,1996,10000
Niger,NER,1997,10000
Niger,NER,1998,10000
Niue,NIU,1999,500
Niue,NIU,2000,1000
Niue,NIU,2001,1200
Niue,NIU,2002,1100
Niue,NIU,2003,1400
Niue,NIU,2004,1500
Niue,NIU,2005,1600
Niue,NIU,2006,1600
Niue,NIU,2007,1800
Niue,NIU,2008,1800
Niue,NIU,2009,1700
Niue,NIU,2010,1600
Niue,NIU,2020,500
Niue,NIU,2021,500
Norway,NOR,1995,590000
Norway,NOR,1996,692000
Norway,NOR,1997,753000
Norway,NOR,1999,2271000
Norway,NOR,2000,2394000
Norway,NOR,2001,2348000
Norway,NOR,2002,2629000
Norway,NOR,2003,2588000
Norway,NOR,2004,2960000
Norway,NOR,2005,3166000
Norway,NOR,2006,3236000
Norway,NOR,2007,3395000
Norway,NOR,2009,6640000
Norway,NOR,2010,7590000
Norway,NOR,2011,8130000
Norway,NOR,2012,9250000
Norway,NOR,2013,9280000
Norway,NOR,2014,9190000
Norway,NOR,2015,8750000
Norway,NOR,2016,8030000
Norway,NOR,2017,8170000
Norway,NOR,2018,8110000
Norway,NOR,2019,8890000
Norway,NOR,2020,1690000
Norway,NOR,2021,1860000
Norway,NOR,2022,7040000
Oman,OMN,2005,2018000
Oman,OMN,2006,2248000
Oman,OMN,2007,2263000
Oman,OMN,2008,2062000
Oman,OMN,2009,1645000
Oman,OMN,2010,1873000
Oman,OMN,2011,2446000
Oman,OMN,2012,2888000
Oman,OMN,2013,3103000
Oman,OMN,2014,3358000
Oman,OMN,2015,3838000
Oman,OMN,2016,4167000
Oman,OMN,2017,4473000
Oman,OMN,2018,3350000
Oman,OMN,2019,4224000
Oman,OMN,2020,1098000
Oman,OMN,2021,1311000
Oman,OMN,2022,3318200
Palau,PLW,1998,9000
Panama,PAN,1995,185000
Panama,PAN,1996,188000
Panama,PAN,1997,194000
Panama,PAN,1998,211000
Panama,PAN,1999,221000
Panama,PAN,2000,216000
Panama,PAN,2001,200000
Panama,PAN,2002,200000
Panama,PAN,2003,227000
Panama,PAN,2004,256000
Panama,PAN,2005,285000
Panama,PAN,2006,284000
Panama,PAN,2007,314000
Panama,PAN,2008,369000
Panama,PAN,2009,336000
Panama,PAN,2010,392000
Panama,PAN,2011,414000
Panama,PAN,2012,447000
Panama,PAN,2013,619000
Panama,PAN,2014,853000
Panama,PAN,2015,965000
Panama,PAN,2016,1051000
Panama,PAN,2017,869000
Panama,PAN,2018,1020000
Panama,PAN,2019,1226000
Panama,PAN,2020,401000
Panama,PAN,2021,583000
Panama,PAN,2022,851000
Papua New Guinea,PNG,1995,51000
Papua New Guinea,PNG,1997,64000
Papua New Guinea,PNG,1998,65000
Papua New Guinea,PNG,1999,58000
Papua New Guinea,PNG,2000,52000
Papua New Guinea,PNG,2001,38000
Papua New Guinea,PNG,2002,92000
Paraguay,PRY,1995,427000
Paraguay,PRY,1996,418000
Paraguay,PRY,1997,369000
Paraguay,PRY,1998,318000
Paraguay,PRY,1999,281000
Paraguay,PRY,2000,175000
Paraguay,PRY,2001,157000
Paraguay,PRY,2002,141000
Paraguay,PRY,2003,153000
Paraguay,PRY,2004,170000
Paraguay,PRY,2005,188000
Paraguay,PRY,2006,210000
Paraguay,PRY,2007,242000
Paraguay,PRY,2008,278000
Paraguay,PRY,2009,288000
Paraguay,PRY,2010,302000
Paraguay,PRY,2011,347000
Paraguay,PRY,2012,400000
Paraguay,PRY,2013,440000
Paraguay,PRY,2014,426000
Paraguay,PRY,2015,1008000
Paraguay,PRY,2016,1503000
Paraguay,PRY,2017,1471000
Paraguay,PRY,2018,1447000
Paraguay,PRY,2019,1449000
Paraguay,PRY,2020,378000
Paraguay,PRY,2021,366000
Paraguay,PRY,2022,988000
Peru,PER,1995,508000
Peru,PER,1996,510000
Peru,PER,1997,577000
Peru,PER,1998,538000
Peru,PER,1999,513000
Peru,PER,2000,730000
Peru,PER,2001,1060000
Peru,PER,2002,1232000
Peru,PER,2003,1392000
Peru,PER,2004,1635000
Peru,PER,2005,1841000
Peru,PER,2006,1857000
Peru,PER,2007,1915000
Peru,PER,2008,1913000
Peru,PER,2009,1891000
Peru,PER,2010,2058000
Peru,PER,2011,2132000
Peru,PER,2012,2296000
Peru,PER,2013,2364000
Peru,PER,2014,2442000
Peru,PER,2015,2595000
Peru,PER,2016,2751000
Peru,PER,2017,2875000
Peru,PER,2018,3078000
Peru,PER,2019,3275000
Peru,PER,2020,791000
Peru,PER,2021,617000
Peru,PER,2022,2118500
Philippines,PHL,1995,1615000
Philippines,PHL,1996,2121000
Philippines,PHL,1997,1930000
Philippines,PHL,1998,1817000
Philippines,PHL,1999,1755000
Philippines,PHL,2000,1670000
Philippines,PHL,2001,1787000
Philippines,PHL,2002,1969000
Philippines,PHL,2003,1803000
Philippines,PHL,2004,1920000
Philippines,PHL,2005,2144000
Philippines,PHL,2006,2745000
Philippines,PHL,2007,3066000
Philippines,PHL,2008,3355000
Philippines,PHL,2009,3188000
Philippines,PHL,2014,3488000
Philippines,PHL,2015,5115000
Philippines,PHL,2016,5703000
Poland,POL,2005,6200000
Poland,POL,2006,7300000
Poland,POL,2007,6900000
Poland,POL,2008,7600000
Poland,POL,2009,6300000
Poland,POL,2010,7100000
Poland,POL,2011,6300000
Poland,POL,2012,9300000
Poland,POL,2013,10050000
Poland,POL,2014,10300000
Poland,POL,2015,10900000
Poland,POL,2016,11300000
Poland,POL,2017,12000000
Poland,POL,2018,12800000
Poland,POL,2019,13500000
Poland,POL,2020,6200000
Poland,POL,2021,6813000
Poland,POL,2022,11742000
Portugal,PRT,2012,1361000
Portugal,PRT,2013,1490000
Portugal,PRT,2014,1502000
Portugal,PRT,2015,1893000
Portugal,PRT,2016,1941000
Portugal,PRT,2017,2195000
Portugal,PRT,2018,2486000
Portugal,PRT,2019,3100000
Portugal,PRT,2020,680000
Portugal,PRT,2021,1012000
Portugal,PRT,2022,2657000
Puerto Rico,PRI,1995,1237000
Puerto Rico,PRI,1996,1184000
Puerto Rico,PRI,1997,1251000
Puerto Rico,PRI,1998,1250000
Puerto Rico,PRI,1999,1134000
Puerto Rico,PRI,2000,1259000
Puerto Rico,PRI,2001,1331000
Puerto Rico,PRI,2002,1227000
Puerto Rico,PRI,2003,1272000
Puerto Rico,PRI,2004,1361000
Puerto Rico,PRI,2005,1410000
Puerto Rico,PRI,2006,1468000
Puerto Rico,PRI,2007,1441000
Puerto Rico,PRI,2008,1438000
Puerto Rico,PRI,2009,1116000
Puerto Rico,PRI,2010,980000
Puerto Rico,PRI,2011,924000
Puerto Rico,PRI,2012,876000
Puerto Rico,PRI,2013,839000
Puerto Rico,PRI,2014,793000
Puerto Rico,PRI,2015,746000
Puerto Rico,PRI,2016,789000
Puerto Rico,PRI,2017,784000
Puerto Rico,PRI,2018,731000
Puerto Rico,PRI,2019,766000
Puerto Rico,PRI,2020,688000
Puerto Rico,PRI,2021,659000
Puerto Rico,PRI,2022,1086000
Samoa,WSM,1999,58000
Samoa,WSM,2000,61000
Samoa,WSM,2001,56000
Samoa,WSM,2002,53000
Samoa,WSM,2003,51000
Samoa,WSM,2004,54000
Samoa,WSM,2005,52000
Samoa,WSM,2006,51000
Samoa,WSM,2007,52000
Samoa,WSM,2008,53000
Samoa,WSM,2009,43000
Samoa,WSM,2010,56000
Samoa,WSM,2011,57000
Samoa,WSM,2012,56000
Samoa,WSM,2013,51000
Samoa,WSM,2014,57000
Samoa,WSM,2015,54000
Samoa,WSM,2017,55000
Samoa,WSM,2018,64000
Samoa,WSM,2019,69000
Samoa,WSM,2020,18500
Samoa,WSM,2021,4900
Samoa,WSM,2022,25000
Sao Tome and Principe,STP,2007,8600
Sao Tome and Principe,STP,2008,10300
Saudi Arabia,SAU,2002,7896000
Saudi Arabia,SAU,2003,4104000
Saudi Arabia,SAU,2004,3811000
Saudi Arabia,SAU,2005,4403000
Saudi Arabia,SAU,2006,2000000
Saudi Arabia,SAU,2007,4126000
Saudi Arabia,SAU,2008,4087000
Saudi Arabia,SAU,2009,6032000
Saudi Arabia,SAU,2010,17827000
Saudi Arabia,SAU,2011,15281320
Saudi Arabia,SAU,2012,18671000
Saudi Arabia,SAU,2013,19153958
Saudi Arabia,SAU,2014,19824490
Saudi Arabia,SAU,2015,20819000
Saudi Arabia,SAU,2016,21207000
Saudi Arabia,SAU,2017,21146000
Saudi Arabia,SAU,2018,19751000
Saudi Arabia,SAU,2019,19010000
Saudi Arabia,SAU,2020,4839000
Saudi Arabia,SAU,2021,8415100
Saudi Arabia,SAU,2022,16882000
Seychelles,SYC,1995,31000
Seychelles,SYC,1996,29000
Seychelles,SYC,1997,30000
Seychelles,SYC,1998,31000
Seychelles,SYC,1999,32000
Seychelles,SYC,2000,36000
Seychelles,SYC,2001,41000
Seychelles,SYC,2002,53000
Seychelles,SYC,2003,50000
Seychelles,SYC,2004,48000
Seychelles,SYC,2005,52000
Seychelles,SYC,2006,55000
Seychelles,SYC,2007,58000
Seychelles,SYC,2008,54000
Seychelles,SYC,2009,49000
Seychelles,SYC,2010,59000
Seychelles,SYC,2011,48000
Seychelles,SYC,2012,45000
Seychelles,SYC,2013,47000
Seychelles,SYC,2014,50000
Seychelles,SYC,2015,56000
Seychelles,SYC,2016,68000
Seychelles,SYC,2017,74000
Seychelles,SYC,2018,72000
Seychelles,SYC,2019,76000
Seychelles,SYC,2020,19000
Seychelles,SYC,2021,27000
Seychelles,SYC,2022,51000
Sierra Leone,SLE,1997,6000
Sierra Leone,SLE,1998,7000
Sierra Leone,SLE,1999,13000
Sierra Leone,SLE,2000,13000
Sierra Leone,SLE,2001,20000
Sierra Leone,SLE,2002,27000
Sierra Leone,SLE,2003,13000
Sierra Leone,SLE,2004,28000
Sierra Leone,SLE,2005,63000
Sierra Leone,SLE,2006,67000
Sierra Leone,SLE,2007,71000
Sierra Leone,SLE,2008,73000
Sierra Leone,SLE,2009,72000
Sierra Leone,SLE,2010,76000
Sierra Leone,SLE,2011,99000
Sierra Leone,SLE,2012,104000
Sierra Leone,SLE,2013,111000
Sierra Leone,SLE,2014,93000
Sierra Leone,SLE,2015,61000
Sierra Leone,SLE,2016,92000
Sierra Leone,SLE,2017,110000
Sierra Leone,SLE,2018,112000
Sierra Leone,SLE,2019,122000
Sierra Leone,SLE,2020,38000
Sierra Leone,SLE,2021,25000
Singapore,SGP,1995,2867000
Singapore,SGP,1996,3305000
Singapore,SGP,1997,3671000
Singapore,SGP,1998,3745000
Singapore,SGP,1999,3971000
Singapore,SGP,2000,4444000
Singapore,SGP,2001,4363000
Singapore,SGP,2002,4399000
Singapore,SGP,2003,4221000
Singapore,SGP,2004,5165000
Singapore,SGP,2005,5159000
Singapore,SGP,2006,5533000
Singapore,SGP,2007,6024000
Singapore,SGP,2008,6828000
Singapore,SGP,2009,6961000
Singapore,SGP,2010,7342000
Singapore,SGP,2011,7753000
Singapore,SGP,2012,8048000
Singapore,SGP,2013,8647000
Singapore,SGP,2014,8903000
Singapore,SGP,2015,9125000
Singapore,SGP,2016,9474000
Singapore,SGP,2017,9889000
Singapore,SGP,2018,10378000
Singapore,SGP,2019,10711000
Singapore,SGP,2020,1543000
Singapore,SGP,2021,833000
Singapore,SGP,2022,5154000
Slovenia,SVN,2000,1965000
Slovenia,SVN,2001,2055000
Slovenia,SVN,2002,2127000
Slovenia,SVN,2003,2114000
Slovenia,SVN,2004,2800000
Slovenia,SVN,2005,2660000
Slovenia,SVN,2006,2680000
Slovenia,SVN,2007,2496000
Slovenia,SVN,2008,2459000
Slovenia,SVN,2009,2586000
Slovenia,SVN,2010,2874000
Slovenia,SVN,2011,2722000
Slovenia,SVN,2012,2474000
Slovenia,SVN,2013,2612000
Slovenia,SVN,2014,2642000
Slovenia,SVN,2015,2867000
Slovenia,SVN,2016,2853000
Slovenia,SVN,2017,3013000
Slovenia,SVN,2018,3188000
Slovenia,SVN,2019,3170000
Slovenia,SVN,2020,1138000
Slovenia,SVN,2021,2123000
Slovenia,SVN,2022,3161000
Spain,ESP,1995,3648000
Spain,ESP,1996,4224000
Spain,ESP,1997,3980000
Spain,ESP,1998,4794000
Spain,ESP,1999,3519000
Spain,ESP,2000,4100000
Spain,ESP,2001,4139000
Spain,ESP,2002,3871000
Spain,ESP,2003,4094000
Spain,ESP,2004,5121000
Spain,ESP,2005,10464000
Spain,ESP,2006,10678000
Spain,ESP,2007,11276000
Spain,ESP,2008,11229000
Spain,ESP,2009,12017000
Spain,ESP,2010,12379000
Spain,ESP,2011,13347000
Spain,ESP,2012,12422000
Spain,ESP,2013,11246000
Spain,ESP,2014,11783000
Spain,ESP,2015,14407000
Spain,ESP,2016,15405000
Spain,ESP,2017,17031000
Spain,ESP,2018,19032000
Spain,ESP,2019,19845000
Spain,ESP,2020,4940000
Spain,ESP,2021,7013000
Spain,ESP,2022,15755000
Sri Lanka,LKA,1995,504000
Sri Lanka,LKA,1996,494000
Sri Lanka,LKA,1997,531000
Sri Lanka,LKA,1998,518000
Sri Lanka,LKA,1999,497000
Sri Lanka,LKA,2000,524000
Sri Lanka,LKA,2001,505000
Sri Lanka,LKA,2002,533000
Sri Lanka,LKA,2003,561000
Sri Lanka,LKA,2004,680000
Sri Lanka,LKA,2005,727000
Sri Lanka,LKA,2006,757000
Sri Lanka,LKA,2007,862000
Sri Lanka,LKA,2008,966000
Sri Lanka,LKA,2009,963000
Sri Lanka,LKA,2010,1122000
Sri Lanka,LKA,2011,1239000
Sri Lanka,LKA,2012,1269000
Sri Lanka,LKA,2013,1262000
Sri Lanka,LKA,2014,1311000
Sri Lanka,LKA,2015,1356000
Sri Lanka,LKA,2016,1448000
Sri Lanka,LKA,2017,1439000
Sri Lanka,LKA,2018,1476000
Sri Lanka,LKA,2019,1441000
Sri Lanka,LKA,2020,305000
Sri Lanka,LKA,2021,309000
Sri Lanka,LKA,2022,1127500
Sudan,SDN,1995,195000
Sweden,SWE,1995,10127000
Sweden,SWE,1996,10390000
Sweden,SWE,1997,10818000
Sweden,SWE,1998,11422000
Sweden,SWE,1999,10500000
Sweden,SWE,2000,10147000
Sweden,SWE,2001,10741000
Sweden,SWE,2002,12888000
Sweden,SWE,2003,12649000
Sweden,SWE,2004,13950000
Sweden,SWE,2005,15677000
Sweden,SWE,2006,12559000
Sweden,SWE,2007,12692000
Sweden,SWE,2008,13291000
Sweden,SWE,2009,11699000
Sweden,SWE,2010,13042000
Sweden,SWE,2011,14651000
Sweden,SWE,2012,15548000
Sweden,SWE,2013,15917000
Sweden,SWE,2017,20361000
Sweden,SWE,2018,18855000
Sweden,SWE,2019,18000000
Sweden,SWE,2020,4225000
Sweden,SWE,2021,5767000
Switzerland,CHE,1995,11148000
Switzerland,CHE,1996,12061000
Switzerland,CHE,1997,12515000
Switzerland,CHE,1998,11891000
Switzerland,CHE,1999,11815000
Switzerland,CHE,2000,12240000
Switzerland,CHE,2001,11554000
Switzerland,CHE,2002,11427000
Switzerland,CHE,2003,8774000
Switzerland,CHE,2008,11147000
Switzerland,CHE,2009,10453000
Switzerland,CHE,2010,10011000
Switzerland,CHE,2011,10466000
Switzerland,CHE,2012,12098000
Switzerland,CHE,2013,12403000
Switzerland,CHE,2014,12518000
Switzerland,CHE,2015,13601000
Switzerland,CHE,2016,13857000
Switzerland,CHE,2017,15318000
Switzerland,CHE,2018,15285000
Switzerland,CHE,2019,13443000
Switzerland,CHE,2020,6118000
Switzerland,CHE,2021,6296000
Switzerland,CHE,2022,11275100
Syria,SYR,1995,1746000
Syria,SYR,1996,1871000
Syria,SYR,1997,2299000
Syria,SYR,1998,2411000
Syria,SYR,1999,2994000
Syria,SYR,2000,3863000
Syria,SYR,2001,3492000
Syria,SYR,2002,3299000
Syria,SYR,2003,3997000
Syria,SYR,2004,4309000
Syria,SYR,2005,4564000
Syria,SYR,2006,4042000
Syria,SYR,2007,4196000
Syria,SYR,2008,5253000
Syria,SYR,2009,5215000
Syria,SYR,2010,6259000
Tajikistan,TJK,1999,4100
Tajikistan,TJK,2000,6400
Tajikistan,TJK,2001,2700
Tajikistan,TJK,2012,15000
Tajikistan,TJK,2013,15000
Tajikistan,TJK,2014,19000
Tajikistan,TJK,2015,16000
Tajikistan,TJK,2016,22000
Tajikistan,TJK,2017,31000
Tajikistan,TJK,2018,31000
Tanzania,TZA,1995,157000
Tanzania,TZA,1996,148000
Tanzania,TZA,2021,121000
Thailand,THA,1995,1820000
Thailand,THA,1996,1845000
Thailand,THA,1997,1660000
Thailand,THA,1998,1412000
Thailand,THA,1999,1655000
Thailand,THA,2000,1909000
Thailand,THA,2001,2011000
Thailand,THA,2002,2250000
Thailand,THA,2003,2152000
Thailand,THA,2004,2709000
Thailand,THA,2005,3047000
Thailand,THA,2006,3382000
Thailand,THA,2007,4018000
Thailand,THA,2008,3908000
Thailand,THA,2009,4653000
Thailand,THA,2010,5451000
Thailand,THA,2011,5397000
Thailand,THA,2012,5721000
Thailand,THA,2013,5970000
Thailand,THA,2014,6444000
Thailand,THA,2015,6794000
Thailand,THA,2016,8204000
Thailand,THA,2017,8963000
Thailand,THA,2018,9966000
Thailand,THA,2019,10446000
Thailand,THA,2020,1706000
Thailand,THA,2021,33000
Togo,TGO,2016,191000
Togo,TGO,2017,216000
Togo,TGO,2018,236000
Togo,TGO,2019,269000
Trinidad and Tobago,TTO,1995,261000
Trinidad and Tobago,TTO,1996,248000
Trinidad and Tobago,TTO,2009,270000
Trinidad and Tobago,TTO,2010,273000
Tunisia,TUN,1995,1778000
Tunisia,TUN,1996,1428000
Tunisia,TUN,1997,1381000
Tunisia,TUN,1998,1526000
Tunisia,TUN,1999,1480000
Tunisia,TUN,2000,1632000
Tunisia,TUN,2001,1669000
Tunisia,TUN,2002,1939000
Tunisia,TUN,2003,2274000
Tunisia,TUN,2004,2312000
Tunisia,TUN,2005,2241000
Tunisia,TUN,2006,2302000
Tunisia,TUN,2007,2743000
Tunisia,TUN,2008,3118000
Tunisia,TUN,2009,2623000
Tunisia,TUN,2010,2250000
Tunisia,TUN,2011,2303000
Tunisia,TUN,2012,2897000
Tunisia,TUN,2013,2873000
Tunisia,TUN,2014,2637000
Tunisia,TUN,2016,1830000
Tunisia,TUN,2018,2515000
Tunisia,TUN,2019,2781000
Tunisia,TUN,2020,739000
Tunisia,TUN,2021,1748000
Tunisia,TUN,2022,3314000
Turkey,TUR,1995,3981000
Turkey,TUR,1996,4261000
Turkey,TUR,1997,4633000
Turkey,TUR,1998,4601000
Turkey,TUR,1999,4758000
Turkey,TUR,2000,5284000
Turkey,TUR,2001,4856000
Turkey,TUR,2002,5131000
Turkey,TUR,2003,5928000
Turkey,TUR,2004,7299000
Turkey,TUR,2005,8246000
Turkey,TUR,2006,8275000
Turkey,TUR,2007,4956000
Turkey,TUR,2008,4893000
Turkey,TUR,2009,5561000
Turkey,TUR,2010,6557000
Turkey,TUR,2011,6282000
Turkey,TUR,2012,5803000
Turkey,TUR,2013,7526000
Turkey,TUR,2014,7982000
Turkey,TUR,2015,8751000
Turkey,TUR,2016,7892000
Turkey,TUR,2017,8887000
Turkey,TUR,2018,8383000
Turkey,TUR,2019,9651000
Turkey,TUR,2020,2243000
Turkey,TUR,2021,2738000
Turkey,TUR,2022,7267000
Turkmenistan,TKM,1995,21000
Turkmenistan,TKM,1996,29000
Turkmenistan,TKM,1997,31000
Turkmenistan,TKM,1998,357000
Turkmenistan,TKM,2000,78000
Turkmenistan,TKM,2001,111000
Turkmenistan,TKM,2002,79000
Turkmenistan,TKM,2003,34000
Turkmenistan,TKM,2004,32000
Turkmenistan,TKM,2005,33000
Turkmenistan,TKM,2006,33000
Turkmenistan,TKM,2007,38000
Tuvalu,TUV,1998,1900
Tuvalu,TUV,1999,2200
Tuvalu,TUV,2000,2900
Tuvalu,TUV,2001,2800
Tuvalu,TUV,2002,2700
Tuvalu,TUV,2003,2600
Tuvalu,TUV,2004,2300
Tuvalu,TUV,2005,2200
Tuvalu,TUV,2006,2000
Tuvalu,TUV,2007,2400
Tuvalu,TUV,2011,2100
Tuvalu,TUV,2018,4200
Tuvalu,TUV,2019,4700
Tuvalu,TUV,2020,1500
Tuvalu,TUV,2021,500
Tuvalu,TUV,2022,1400
Uganda,UGA,1997,148000
Uganda,UGA,1998,241000
Uganda,UGA,1999,327000
Uganda,UGA,2000,153000
Uganda,UGA,2001,152000
Uganda,UGA,2002,184000
Uganda,UGA,2003,189000
Uganda,UGA,2004,231000
Uganda,UGA,2005,189000
Uganda,UGA,2006,254000
Uganda,UGA,2007,272000
Uganda,UGA,2008,337000
Uganda,UGA,2009,311000
Uganda,UGA,2010,324000
Uganda,UGA,2011,367000
Uganda,UGA,2012,469000
Uganda,UGA,2013,471000
Uganda,UGA,2014,511000
Uganda,UGA,2015,523000
Uganda,UGA,2016,568000
Uganda,UGA,2017,563000
Uganda,UGA,2019,488000
Uganda,UGA,2020,197000
Uganda,UGA,2021,331000
Uganda,UGA,2022,397000
Ukraine,UKR,1995,6552000
Ukraine,UKR,1996,6004000
Ukraine,UKR,1997,9632000
Ukraine,UKR,1998,7773000
Ukraine,UKR,1999,7399000
Ukraine,UKR,2000,13422000
Ukraine,UKR,2001,14849000
Ukraine,UKR,2002,14729000
Ukraine,UKR,2003,14795000
Ukraine,UKR,2004,15588000
Ukraine,UKR,2005,16454000
Ukraine,UKR,2006,16875000
Ukraine,UKR,2007,17335000
Ukraine,UKR,2008,15499000
Ukraine,UKR,2009,15334000
Ukraine,UKR,2010,17180000
Ukraine,UKR,2011,19773000
Ukraine,UKR,2012,21433000
Ukraine,UKR,2013,23761000
Ukraine,UKR,2014,22438000
Ukraine,UKR,2015,23142000
Ukraine,UKR,2016,24668000
Ukraine,UKR,2017,26437000
Ukraine,UKR,2018,27811000
Ukraine,UKR,2019,28880000
Ukraine,UKR,2020,11018000
Ukraine,UKR,2021,14352000
Ukraine,UKR,2022,15184000
United Arab Emirates,ARE,2015,17407000
United Arab Emirates,ARE,2016,18222000
United Arab Emirates,ARE,2017,18356000
United Arab Emirates,ARE,2018,18454000
United Arab Emirates,ARE,2019,18395000
United Arab Emirates,ARE,2020,6284000
United Arab Emirates,ARE,2021,7258100
United States,USA,1995,51285000
United States,USA,1996,52999000
United States,USA,1997,53229000
United States,USA,1998,55696000
United States,USA,1999,57222000
United States,USA,2000,61327000
United States,USA,2001,59442000
United States,USA,2002,58066000
United States,USA,2003,56250000
United States,USA,2004,61809000
United States,USA,2005,63503000
United States,USA,2006,63663000
United States,USA,2007,64049000
United States,USA,2008,63653000
United States,USA,2009,62130000
United States,USA,2010,61061000
United States,USA,2011,59209000
United States,USA,2012,60697000
United States,USA,2013,61344000
United States,USA,2014,68185000
United States,USA,2015,74191000
United States,USA,2016,80223000
United States,USA,2017,87657000
United States,USA,2018,93137400
United States,USA,2019,99744400
United States,USA,2020,33499398
Uruguay,URY,1997,562000
Uruguay,URY,1998,654000
Uruguay,URY,1999,778000
Uruguay,URY,2000,667000
Uruguay,URY,2001,531000
Uruguay,URY,2002,530000
Uruguay,URY,2003,495000
Uruguay,URY,2004,569000
Uruguay,URY,2005,658000
Uruguay,URY,2006,666000
Uruguay,URY,2007,635000
Uruguay,URY,2008,734000
Uruguay,URY,2009,826000
Uruguay,URY,2010,1027000
Uruguay,URY,2011,1534000
Uruguay,URY,2012,1816000
Uruguay,URY,2013,2281000
Uruguay,URY,2014,2396000
Uruguay,URY,2015,2217000
Uruguay,URY,2016,1715000
Uruguay,URY,2017,1789000
Uruguay,URY,2018,1947000
Uruguay,URY,2019,2199000
Uruguay,URY,2021,93000
Vanuatu,VUT,1995,11000
Vanuatu,VUT,1996,11000
Vanuatu,VUT,1997,11000
Vanuatu,VUT,1998,12000
Vanuatu,VUT,1999,12000
Vanuatu,VUT,2000,12000
Vanuatu,VUT,2001,11000
Vanuatu,VUT,2002,11000
Vanuatu,VUT,2003,12000
Vanuatu,VUT,2004,13000
Vanuatu,VUT,2005,14000
Vanuatu,VUT,2006,15000
Vanuatu,VUT,2007,16000
Vanuatu,VUT,2008,19000
Vanuatu,VUT,2009,20000
Vanuatu,VUT,2010,21000
Vanuatu,VUT,2011,22000
Vanuatu,VUT,2012,23000
Vanuatu,VUT,2013,26000
Vanuatu,VUT,2014,26000
Vanuatu,VUT,2015,27000
Vanuatu,VUT,2016,20300
Vanuatu,VUT,2017,26300
Vanuatu,VUT,2018,28400
Vanuatu,VUT,2019,36400
Vanuatu,VUT,2020,9400
Vanuatu,VUT,2021,9000
Vanuatu,VUT,2022,18200
Venezuela,VEN,1995,534000
Venezuela,VEN,1996,511000
Venezuela,VEN,1997,460000
Venezuela,VEN,1998,752000
Venezuela,VEN,1999,754000
Venezuela,VEN,2000,954000
Venezuela,VEN,2001,933000
Venezuela,VEN,2002,881000
Venezuela,VEN,2003,832000
Venezuela,VEN,2004,816000
Venezuela,VEN,2005,1067000
Venezuela,VEN,2006,1095000
Venezuela,VEN,2007,1410000
Venezuela,VEN,2008,1745000
Venezuela,VEN,2009,1651000
Venezuela,VEN,2010,1477000
Venezuela,VEN,2011,1719000
Venezuela,VEN,2012,1734000
Venezuela,VEN,2013,1931000
Venezuela,VEN,2014,1589000
Venezuela,VEN,2015,1539000
Venezuela,VEN,2016,1530000
Venezuela,VEN,2017,1079000
Zimbabwe,ZWE,1995,256000
Zimbabwe,ZWE,1996,69000
Zimbabwe,ZWE,1997,123000
Zimbabwe,ZWE,1998,213000
Zimbabwe,ZWE,1999,331000
Zimbabwe,ZWE,2003,386000
Zimbabwe,ZWE,2004,498000
Zimbabwe,ZWE,2005,474000
Zimbabwe,ZWE,2006,541000
Zimbabwe,ZWE,2007,547000
Zimbabwe,ZWE,2008,593000
Zimbabwe,ZWE,2009,631000
Zimbabwe,ZWE,2010,650000
Zimbabwe,ZWE,2011,693000
Zimbabwe,ZWE,2012,720000
Zimbabwe,ZWE,2013,2946000
Zimbabwe,ZWE,2014,3182000
Zimbabwe,ZWE,2015,3393000
Zimbabwe,ZWE,2016,3192000
Zimbabwe,ZWE,2017,2768000
Zimbabwe,ZWE,2018,2288000
Zimbabwe,ZWE,2019,3275000
Zimbabwe,ZWE,2020,993000
Zimbabwe,ZWE,2021,597000
Zimbabwe,ZWE,2022,1610000